case_id,category,question,rank,retrieval_mode,keyword_score,vector_rank,matches_expected_source,expected_sources,source_path,title,section,content_token_count,question_token_overlap,expected_keyword_overlap,response_token_support,expected_keyword_hits,content_excerpt
tito_s5_autonomia_carga,vehiculos,¿Cuánta autonomía tiene el TITO S5 y cómo se carga?,1,keyword,12,,True,vehiculos_detalles.TITO,vehiculos_detalles.TITO.modelos_disponibles[1],Modelo TITO S5-300,vehiculos_detalles,131,1.0,1.0,1.0,220v | 300 | horas | km,"nombre: TITO S5-300 descripcion: Evolución del TITO S2 con avanzada tecnología y características innovadoras, demostrando el compromiso con la evolución constante. Ahora disponible únicamente en versión 300km. versiones disponibles: TITO S5-300: autonomía:..."
tito_s5_autonomia_carga,vehiculos,¿Cuánta autonomía tiene el TITO S5 y cómo se carga?,2,keyword,10,,False,vehiculos_detalles.TITO,todos_los_vehiculos_disponibles.TITO S5,Disponibilidad TITO S5,disponibilidad_vehiculos,13,0.5,0.25,0.1765,300,modelos disponibles: - TITO S5-300 - TITO S5-300 AA disponibilidad: Inmediata - Unidades limitadas
tito_s5_autonomia_carga,vehiculos,¿Cuánta autonomía tiene el TITO S5 y cómo se carga?,3,vector,,1,False,vehiculos_detalles.TITO,Precios_Vehiculos_Actualizados.TITO S5,Precios TITO S5,precios,21,0.5,0.25,0.1765,300,"TITO S5-300: precio: USD 16.981,25 disponibilidad: Inmediata - Unidades limitadas TITO S5-300 AA: precio: USD 17.731,25 disponibilidad: Inmediata - Unidades limitadas"
tito_s5_aa_precio,precios,¿Cuál es el precio del TITO S5-300 AA?,1,keyword,20,,True,Precios_Vehiculos_Actualizados.TITO S5.TITO S5-300 AA,Precios_Vehiculos_Actualizados.TITO S5.TITO S5-300,Precio TITO S5-300,precios,7,0.2,0.5,0.75,usd,"precio: USD 16.981,25 disponibilidad: Inmediata - Unidades limitadas"
tito_s5_aa_precio,precios,¿Cuál es el precio del TITO S5-300 AA?,2,keyword,20,,True,Precios_Vehiculos_Actualizados.TITO S5.TITO S5-300 AA,Precios_Vehiculos_Actualizados.TITO S5.TITO S5-300 AA,Precio TITO S5-300 AA,precios,7,0.2,1.0,0.75,17.731.25 | usd,"precio: USD 17.731,25 disponibilidad: Inmediata - Unidades limitadas"
tito_s5_aa_precio,precios,¿Cuál es el precio del TITO S5-300 AA?,3,vector,,1,True,Precios_Vehiculos_Actualizados.TITO S5.TITO S5-300 AA,Precios_Vehiculos_Actualizados.TITO S5,Precios TITO S5,precios,21,1.0,1.0,1.0,17.731.25 | usd,"TITO S5-300: precio: USD 16.981,25 disponibilidad: Inmediata - Unidades limitadas TITO S5-300 AA: precio: USD 17.731,25 disponibilidad: Inmediata - Unidades limitadas"
tito_s5_aa_precio,precios,¿Cuál es el precio del TITO S5-300 AA?,4,vector,,3,False,Precios_Vehiculos_Actualizados.TITO S5.TITO S5-300 AA,todos_los_vehiculos_disponibles.TITO S5,Disponibilidad TITO S5,disponibilidad_vehiculos,13,0.8,0.0,0.0,,modelos disponibles: - TITO S5-300 - TITO S5-300 AA disponibilidad: Inmediata - Unidades limitadas
tito_s5_aa_precio,precios,¿Cuál es el precio del TITO S5-300 AA?,5,vector,,5,False,Precios_Vehiculos_Actualizados.TITO S5.TITO S5-300 AA,Precios_Vehiculos_Actualizados.TITO S2,Precios TITO S2,precios,21,0.8,0.5,0.5,usd,"TITO S2-300: precio: USD 15.972,50 disponibilidad: Inmediata - Unidades limitadas TITO S2-300 AA: precio: USD 16.722,50 disponibilidad: Inmediata - Unidades limitadas"
tita_s2_capacidad,vehiculos,¿Qué capacidad de carga y de pasajeros tiene la TITA S2-300?,1,keyword,17,,True,vehiculos_detalles.TITA S2 300,vehiculos_detalles.TITA S2 300,Ficha tecnica TITA S2 300,vehiculos_detalles,221,0.8333,1.0,1.0,500 | kg | personas,"nombre: TITA S2-300 (también conocida como TITA 300) descripcion: Furgoneta eléctrica diseñada para satisfacer las necesidades de diversos sectores, con la combinación perfecta de capacidad, seguridad y sostenibilidad. Única versión TITA pickup disponible a..."
tita_s2_capacidad,vehiculos,¿Qué capacidad de carga y de pasajeros tiene la TITA S2-300?,2,keyword,15,,True,vehiculos_detalles.TITA S2 300,vehiculos_detalles.TITA S2 300.versiones_disponibles.TITA S2-300,Version TITA S2-300,vehiculos_detalles,5,0.1667,0.0,0.0,,autonomía: 300 Km aire acondicionado: No
tita_s2_capacidad,vehiculos,¿Qué capacidad de carga y de pasajeros tiene la TITA S2-300?,3,vector,,1,False,vehiculos_detalles.TITA S2 300,todos_los_vehiculos_disponibles.TITA S2,Disponibilidad TITA S2,disponibilidad_vehiculos,12,0.5,0.0,0.0,,modelos disponibles: - TITA S2-300 - TITA S2-300 AA disponibilidad: ENTREGA INMEDIATA
tita_s2_capacidad,vehiculos,¿Qué capacidad de carga y de pasajeros tiene la TITA S2-300?,4,vector,,5,False,vehiculos_detalles.TITA S2 300,Precios_Vehiculos_Actualizados.TITO S2,Precios TITO S2,precios,21,0.3333,0.0,0.0,,"TITO S2-300: precio: USD 15.972,50 disponibilidad: Inmediata - Unidades limitadas TITO S2-300 AA: precio: USD 16.722,50 disponibilidad: Inmediata - Unidades limitadas"
tita_furgon_refrigerado_precio,precios,¿Cuánto cuesta la TITA S2 300 AA con furgón refrigerado?,1,keyword,26,,True,Precios_Vehiculos_Actualizados.TITA S2.TITA S2 300 AA con Furgón Refrigerado,Precios_Vehiculos_Actualizados.TITA S2.TITA S2 300 AA con Furgón Refrigerado,Precio TITA S2 300 AA con Furgón Refrigerado,precios,21,1.0,1.0,0.6667,23.632.00 | usd,"precio: USD 23.632,00 aclaración: El precio 23.632,00 se obtiene de sumar a 17.731,25 USD (precio de TITA S2 300 AA) el accesorio furgón refrigerado que cuesta 5.900 USD"
tita_furgon_refrigerado_precio,precios,¿Cuánto cuesta la TITA S2 300 AA con furgón refrigerado?,2,keyword,25,,False,Precios_Vehiculos_Actualizados.TITA S2.TITA S2 300 AA con Furgón Refrigerado,vehiculos_detalles.TITA S2 300.versiones_disponibles.TITA S2-300 con Furgón Refrigerado,Version TITA S2-300 con Furgón Refrigerado,vehiculos_detalles,18,0.4286,0.0,0.5,,autonomía: 300 Km aire acondicionado: Opcional accesorio: Furgón refrigerado descripcion accesorio: Accesorio que convierte la pickup en furgón cerrado con sistema de refrigeración
tita_furgon_refrigerado_precio,precios,¿Cuánto cuesta la TITA S2 300 AA con furgón refrigerado?,3,vector,,1,True,Precios_Vehiculos_Actualizados.TITA S2.TITA S2 300 AA con Furgón Refrigerado,Precios_Vehiculos_Actualizados.TITA S2,Precios TITA S2,precios,78,1.0,1.0,0.7083,23.632.00 | usd,"TITA S2-300: precio: USD 16.981,25 disponibilidad: ENTREGA INMEDIATA TITA S2-300 AA: precio: USD 17.731,25 disponibilidad: ENTREGA INMEDIATA TITA S2 300 AA con Furgón: precio: USD 20.632,00 descripcion: TITA S2 300 AA + accesorio furgón aclaración: El preci..."
tita_furgon_refrigerado_precio,precios,¿Cuánto cuesta la TITA S2 300 AA con furgón refrigerado?,4,vector,,5,True,Precios_Vehiculos_Actualizados.TITA S2.TITA S2 300 AA con Furgón Refrigerado,Precios_Vehiculos_Actualizados.TITA S2.TITA S2 300 AA con Furgón,Precio TITA S2 300 AA con Furgón,precios,27,0.8571,0.5,0.5833,usd,"precio: USD 20.632,00 descripcion: TITA S2 300 AA + accesorio furgón aclaración: El precio 20.632,00 se obtiene de sumar a 17.731,25 USD (precio de TITA S2 300 AA) el accesorio furgón que cuesta 2.900 USD"
chiki_autonomia_velocidad,vehiculos,¿Qué autonomía y velocidad máxima tiene el CHIKI de litio?,1,keyword,10,,False,vehiculos_detalles.CHIKI,Precios_Vehiculos_Actualizados.CHIKI.CHIKI-L (110KM) LITIO,Precio CHIKI-L (110KM) LITIO,precios,7,0.0,0.0,0.0,,"precio: USD 9.900,00 disponibilidad: ENTREGA A 60 DÍAS"
chiki_autonomia_velocidad,vehiculos,¿Qué autonomía y velocidad máxima tiene el CHIKI de litio?,2,keyword,9,,True,vehiculos_detalles.CHIKI,vehiculos_detalles.CHIKI,Ficha tecnica CHIKI,vehiculos_detalles,119,1.0,1.0,1.0,110km | 45 | kmh,"modelo disponible: nombre: CHIKI-L (110KM) LITIO descripcion: Versión con batería de litio del CHIKI, ofreciendo mayor autonomía y ciclos de vida, ideal para desplazamientos urbanos. NOTA: CHIKI-G ha sido discontinuado. parametros basicos: puertas: 2 bateri..."
chiki_autonomia_velocidad,vehiculos,¿Qué autonomía y velocidad máxima tiene el CHIKI de litio?,3,vector,,1,False,vehiculos_detalles.CHIKI,todos_los_vehiculos_disponibles.CHIKI,Disponibilidad CHIKI,disponibilidad_vehiculos,9,0.4,0.3333,0.1304,110km,modelos disponibles: - CHIKI-L (110KM) LITIO disponibilidad: ENTREGA A 60 DÍAS
chiki_autonomia_velocidad,vehiculos,¿Qué autonomía y velocidad máxima tiene el CHIKI de litio?,4,vector,,5,False,vehiculos_detalles.CHIKI,vehiculos_detalles.ACLARACION_IMPORTANTE,Ficha tecnica ACLARACION_IMPORTANTE,vehiculos_detalles,40,0.4,0.3333,0.2174,110km,"nota discrepancia web: IMPORTANTE: La información de este chatbot está más actualizada que la página web. Si encontrás diferencias entre lo que te digo y lo que ves en la web, la información correcta es la que te proporciono aquí. La página web se está actu..."
barre_tita_capacidad,vehiculos,¿Cuál es la capacidad de trabajo y el tanque de agua de la BARRE-TITA?,1,keyword,14,,True,vehiculos_detalles.BARRE-TITA,vehiculos_detalles.BARRE-TITA,Ficha tecnica BARRE-TITA,vehiculos_detalles,75,0.6667,1.0,1.0,150 | 15000 | litros | m2,"descripcion: Producto revolucionario que se destaca por su rendimiento excepcional en la limpieza de superficies, equipado con 8 motores eléctricos especializados. especificaciones: dimensiones: 1950x1900x1900mm peso neto: 900 KG ancho limpieza: 1900 mm cap..."
barre_tita_capacidad,vehiculos,¿Cuál es la capacidad de trabajo y el tanque de agua de la BARRE-TITA?,2,keyword,10,,False,vehiculos_detalles.BARRE-TITA,todos_los_vehiculos_disponibles.BARRE-TITA,Disponibilidad BARRE-TITA,disponibilidad_vehiculos,7,0.3333,0.0,0.0,,modelos disponibles: - BARRE-TITA disponibilidad: ENTREGA INMEDIATA
barre_tita_capacidad,vehiculos,¿Cuál es la capacidad de trabajo y el tanque de agua de la BARRE-TITA?,3,vector,,3,False,vehiculos_detalles.BARRE-TITA,Precios_Vehiculos_Actualizados.TITA 4P Cuadrilla,Precios TITA 4P Cuadrilla,precios,19,0.1667,0.0,0.0,,"TITA 4P-300: precio: USD 17.981,25 disponibilidad: ENTREGA INMEDIATA TITA 4P-300 AA: precio: USD 18.731,25 disponibilidad: ENTREGA INMEDIATA"
barre_tita_capacidad,vehiculos,¿Cuál es la capacidad de trabajo y el tanque de agua de la BARRE-TITA?,4,vector,,5,False,vehiculos_detalles.BARRE-TITA,Precios_Vehiculos_Actualizados.TITO S5,Precios TITO S5,precios,21,0.0,0.0,0.0,,"TITO S5-300: precio: USD 16.981,25 disponibilidad: Inmediata - Unidades limitadas TITO S5-300 AA: precio: USD 17.731,25 disponibilidad: Inmediata - Unidades limitadas"
garantia,posventa,¿Qué garantía tienen los vehículos?,1,keyword,10,,True,preguntas_frecuentes.mantenimiento,preguntas_frecuentes.mantenimiento[2],FAQ mantenimiento - ¿Qué garantía tienen los vehículos?,preguntas_frecuentes,39,1.0,1.0,0.614,ano | anos,"Pregunta: ¿Qué garantía tienen los vehículos? Respuesta: Todos nuestros vehículos cuentan con una garantía de fábrica de un (1) año, que cubre la reparación de fallas o desperfectos de fabricación. Además, brindamos la posibilidad de extender la garantía ha..."
garantia,posventa,¿Qué garantía tienen los vehículos?,2,keyword,5,,False,preguntas_frecuentes.mantenimiento,preguntas_frecuentes.general[1],FAQ general - ¿Dónde se fabrican los vehículos eléctricos de Coradir?,preguntas_frecuentes,23,0.5,0.0,0.2807,,"Pregunta: ¿Dónde se fabrican los vehículos eléctricos de Coradir? Respuesta: Nuestros vehículos se fabrican en Argentina, principalmente en nuestra planta de San Luis ubicada en Ruta 3 km 0.6 (Sur), San Luis Capital."
garantia,posventa,¿Qué garantía tienen los vehículos?,3,vector,,3,True,preguntas_frecuentes.mantenimiento,preguntas_frecuentes.mantenimiento[0],FAQ mantenimiento - ¿Qué mantenimiento requieren los vehículos eléctricos de Coradir?,preguntas_frecuentes,20,0.5,0.0,0.0702,,"Pregunta: ¿Qué mantenimiento requieren los vehículos eléctricos de Coradir? Respuesta: Nuestros vehículos requieren menos mantenimiento que los convencionales. Principalmente revisiones periódicas de los sistemas eléctricos, frenos y neumáticos."
garantia,posventa,¿Qué garantía tienen los vehículos?,4,vector,,5,False,preguntas_frecuentes.mantenimiento,preguntas_frecuentes.general[2],FAQ general - ¿Se puede circular por autopistas o rutas con estos vehículos?,preguntas_frecuentes,17,0.5,0.0,0.193,,"Pregunta: ¿Se puede circular por autopistas o rutas con estos vehículos? Respuesta: Estos vehiculos están diseñados solo para circulación urbana, no se recomienda su uso en autopistas o rutas"
reclamos_servicio,posventa,¿Dónde hago un reclamo o pido servicio técnico?,1,keyword,15,,True,contactos.telefono_movilidad_posventa | preguntas_frecuentes.mantenimiento,preguntas_frecuentes.mantenimiento[1],FAQ mantenimiento - ¿Dónde puedo realizar el servicio técnico de mi vehículo o efectuar un reclamo?,preguntas_frecuentes,23,0.6,1.0,0.6897,0266 | 5264805,"Pregunta: ¿Dónde puedo realizar el servicio técnico de mi vehículo o efectuar un reclamo? Respuesta: Contamos con una amplia red de servicio técnico en todo el país. Para más información, puede contactar al (0266) 5264805"
reclamos_servicio,posventa,¿Dónde hago un reclamo o pido servicio técnico?,2,keyword,5,,False,contactos.telefono_movilidad_posventa | preguntas_frecuentes.mantenimiento,condiciones_compra_entrega.servicio_entrega,condiciones compra entrega - servicio entrega,condiciones_compra_entrega,11,0.2,0.0,0.1379,,disponible: Servicio de entrega a domicilio disponible costo: Costo de flete no incluido en precio final
reclamos_servicio,posventa,¿Dónde hago un reclamo o pido servicio técnico?,3,vector,,3,True,contactos.telefono_movilidad_posventa | preguntas_frecuentes.mantenimiento,contactos.telefono_movilidad_posventa,contactos - telefono movilidad posventa,contactos,11,0.4,1.0,0.3448,0266 | 5264805,(0266) 5264805 (Se usa para llamar al área posventa y también se usa para servicio técnico y reclamos)
reclamos_servicio,posventa,¿Dónde hago un reclamo o pido servicio técnico?,4,vector,,5,False,contactos.telefono_movilidad_posventa | preguntas_frecuentes.mantenimiento,contactos.telefono_movilidad_ventas,contactos - telefono movilidad ventas,contactos,8,0.0,0.5,0.1379,0266,(0266) 4305996 (Se usa para llamar al área de ventas de movilidad eléctrica)
leasing_suspendido,comercial,¿Tienen leasing o alquiler con opción a compra?,1,keyword,8,,True,leasing_estado_actual,leasing_estado_actual.descripcion,leasing estado actual - descripcion,leasing_estado_actual,7,1.0,1.0,0.1842,alquiler | compra | leasing | opcion,La modalidad de leasing (alquiler con opción a compra) de CORADIR está suspendida.
leasing_suspendido,comercial,¿Tienen leasing o alquiler con opción a compra?,2,keyword,7,,True,leasing_estado_actual,leasing_estado_actual.detalle,leasing estado actual - detalle,leasing_estado_actual,14,0.5,0.5,0.3684,compra | leasing,"Si un cliente consulta por leasing, aclarar que esta modalidad quedó pausada y sugerir alternativas como compra al contado u opciones de pago disponibles."
leasing_suspendido,comercial,¿Tienen leasing o alquiler con opción a compra?,3,vector,,5,True,leasing_estado_actual,leasing_estado_actual.mensaje_principal,leasing estado actual - mensaje principal,leasing_estado_actual,7,0.25,0.25,0.1842,leasing,Actualmente no ofrecemos planes de leasing activos para ningún modelo.
beneficio_discapacidad,beneficios,¿Cómo es el trámite por beneficio de discapacidad?,1,keyword,15,,True,beneficios_discapacidad.tramite_franquicia,beneficios_discapacidad.tramite_franquicia,beneficios discapacidad - tramite franquicia,beneficios_discapacidad,37,0.3333,1.0,0.8421,19279 | ley | nacional | rehabilitacion | servicio,"ley aplicable: Según lo que indica la ley 19279, debe realizar el trámite para verificar si se puede acceder a la franquicia impositiva proceso: La tramitación consiste en descargar los requisitos para realizar el mismo, junto con el formulario de solicitud..."
beneficio_discapacidad,beneficios,¿Cómo es el trámite por beneficio de discapacidad?,2,keyword,10,,False,beneficios_discapacidad.tramite_franquicia,beneficios_discapacidad.factura_proforma,beneficios discapacidad - factura proforma,beneficios_discapacidad,12,0.6667,0.4,0.0526,19279 | ley,"En el caso de aplicar el beneficio por discapacidad, CORADIR confecciona la factura proforma de acuerdo a los requerimientos de la ley 19279."
beneficio_discapacidad,beneficios,¿Cómo es el trámite por beneficio de discapacidad?,3,vector,,3,False,beneficios_discapacidad.tramite_franquicia,beneficios_discapacidad.resolucion_final,beneficios discapacidad - resolucion final,beneficios_discapacidad,17,0.3333,0.6,0.1316,nacional | rehabilitacion | servicio,"El Servicio Nacional de Rehabilitación finalmente emitirá el acto administrativo concediendo o denegando el beneficio, según corresponda en cada caso de la solicitud bajo examen"
agencia_san_luis,agencias,¿Tienen agencia oficial en San Luis?,1,keyword,15,,True,distribucion.agencias_oficiales_por_provincia.San Luis,distribucion.agencias_oficiales_por_provincia.San Luis,Agencias en San Luis,agencias,14,0.5,1.0,0.3243,0.6 | km | luis | ruta | san | sur,- nombre: CORADIR MOVILIDAD ciudad: SAN LUIS direccion: Ruta 3 Sur Km 0.6 San Luis Argentina
agencia_san_luis,agencias,¿Tienen agencia oficial en San Luis?,2,keyword,10,,False,distribucion.agencias_oficiales_por_provincia.San Luis,distribucion.agencias_oficiales_por_provincia.Santa Fe,Agencias en Santa Fe,agencias,133,0.25,0.5,0.8378,km | ruta | san,- nombre: Maquinarias Pyramiz SRL ciudad: ROSARIO direccion: Ruta 9 (autopista Buenos Aires-rosario) Km 280.5 (2126) - nombre: DE ROSSI MOTOS SRL ciudad: FRONTERA direccion: Calle 1 N°2105 - Localidad Frontera - Provincia Santa Fe - Cp2438 - nombre: Dellasa...
agencia_san_luis,agencias,¿Tienen agencia oficial en San Luis?,3,vector,,1,False,distribucion.agencias_oficiales_por_provincia.San Luis,contactos.direccion,contactos - direccion,contactos,8,0.5,1.0,0.1622,0.6 | km | luis | ruta | san | sur,Ruta 3 km 0.6 (Sur) – San Luis Capital (CP5700)
agencia_san_luis,agencias,¿Tienen agencia oficial en San Luis?,4,vector,,5,False,distribucion.agencias_oficiales_por_provincia.San Luis,preguntas_frecuentes.general[1],FAQ general - ¿Dónde se fabrican los vehículos eléctricos de Coradir?,preguntas_frecuentes,23,0.5,1.0,0.2162,0.6 | km | luis | ruta | san | sur,"Pregunta: ¿Dónde se fabrican los vehículos eléctricos de Coradir? Respuesta: Nuestros vehículos se fabrican en Argentina, principalmente en nuestra planta de San Luis ubicada en Ruta 3 km 0.6 (Sur), San Luis Capital."
carga_rapida,carga,¿Qué ventaja ofrece la carga rápida?,1,keyword,10,,True,infraestructura_carga.ecocarga.carga_rapida | preguntas_frecuentes.carga,preguntas_frecuentes.carga[2],FAQ carga - ¿Qué es la tecnología de carga rápida?,preguntas_frecuentes,23,0.5,1.0,0.6452,horas,"Pregunta: ¿Qué es la tecnología de carga rápida? Respuesta: Es una avanzada solución que reduce el tiempo de carga de 6-8 horas a aproximadamente 2 horas, brindando mayor comodidad y flexibilidad sin comprometer el rendimiento ni la autonomía del vehículo."
carga_rapida,carga,¿Qué ventaja ofrece la carga rápida?,2,keyword,7,,True,infraestructura_carga.ecocarga.carga_rapida | preguntas_frecuentes.carga,infraestructura_carga.ecocarga,infraestructura carga - ecocarga,infraestructura_carga,111,0.5,1.0,0.3871,horas,descripcion: CORADIR se complace en anunciar dos importantes avances que transformarán la experiencia de movilidad eléctrica en Argentina: expansión de infraestructura de carga y tecnología de carga rápida. carga rapida: beneficios: - Reducción de tiempo: D...
carga_rapida,carga,¿Qué ventaja ofrece la carga rápida?,3,vector,,5,False,infraestructura_carga.ecocarga.carga_rapida | preguntas_frecuentes.carga,preguntas_frecuentes.adquisicion[1],FAQ adquisicion - ¿Qué es eso de la entrega inmediata?,preguntas_frecuentes,19,0.0,0.0,0.0968,,"Pregunta: ¿Qué es eso de la entrega inmediata? Respuesta: Esta modalidad básicamente consiste en que el cliente puede comprar un vehículo y llevarlo al instante, sin necesidad de esperar la fabricación del mismo."
instalacion_carga,carga,¿Necesito una instalación especial para cargar un vehículo?,1,keyword,25,,True,preguntas_frecuentes.carga,preguntas_frecuentes.carga[0],FAQ carga - ¿Necesito una instalación especial para cargar mi vehículo?,preguntas_frecuentes,25,1.0,1.0,0.6154,20a | 220v,"Pregunta: ¿Necesito una instalación especial para cargar mi vehículo? Respuesta: No, nuestros vehículos pueden cargarse desde un enchufe doméstico convencional de 220V. Para los modelos de mayor autonomía (300 km), se recomienda un tomacorriente de 20A."
instalacion_carga,carga,¿Necesito una instalación especial para cargar un vehículo?,2,keyword,10,,False,preguntas_frecuentes.carga,preguntas_frecuentes.vehiculos[1],FAQ vehiculos - ¿Cuánto tiempo toma cargar completamente la batería?,preguntas_frecuentes,23,0.2,0.0,0.4872,,"Pregunta: ¿Cuánto tiempo toma cargar completamente la batería? Respuesta: Normalmente entre 7-8 horas para una carga completa en un enchufe convencional. Con la nueva tecnología de carga rápida, este tiempo se reduce significativamente a aproximadamente 2 h..."
instalacion_carga,carga,¿Necesito una instalación especial para cargar un vehículo?,3,vector,,3,True,preguntas_frecuentes.carga,preguntas_frecuentes.carga[1],FAQ carga - ¿Puedo realizar cargas parciales?,preguntas_frecuentes,18,0.0,0.0,0.1282,,"Pregunta: ¿Puedo realizar cargas parciales? Respuesta: Sí, todos nuestros vehículos admiten cargas parciales. No es necesario esperar a que la batería se agote completamente para recargarla."
instalacion_carga,carga,¿Necesito una instalación especial para cargar un vehículo?,4,vector,,5,True,preguntas_frecuentes.carga,preguntas_frecuentes.carga[2],FAQ carga - ¿Qué es la tecnología de carga rápida?,preguntas_frecuentes,23,0.2,0.0,0.2821,,"Pregunta: ¿Qué es la tecnología de carga rápida? Respuesta: Es una avanzada solución que reduce el tiempo de carga de 6-8 horas a aproximadamente 2 horas, brindando mayor comodidad y flexibilidad sin comprometer el rendimiento ni la autonomía del vehículo."
reserva_entrega,compra,¿Cómo funciona la reserva y la entrega inmediata?,1,keyword,11,,True,condiciones_compra_entrega.reserva_pago_inicial | condiciones_compra_entrega.entrega_inmediata,condiciones_compra_entrega.entrega_inmediata,condiciones compra entrega - entrega inmediata,condiciones_compra_entrega,23,0.25,1.0,0.5,200 | 72 | horas | usd,"proceso: Una vez realizada la reserva de USD 200, se asigna una unidad por 72 horas plazo pago: Dentro de las 72 horas se debe saldar la unidad, caso contrario la unidad será liberada"
reserva_entrega,compra,¿Cómo funciona la reserva y la entrega inmediata?,2,keyword,10,,False,condiciones_compra_entrega.reserva_pago_inicial | condiciones_compra_entrega.entrega_inmediata,preguntas_frecuentes.adquisicion[1],FAQ adquisicion - ¿Qué es eso de la entrega inmediata?,preguntas_frecuentes,19,0.5,0.0,0.1316,,"Pregunta: ¿Qué es eso de la entrega inmediata? Respuesta: Esta modalidad básicamente consiste en que el cliente puede comprar un vehículo y llevarlo al instante, sin necesidad de esperar la fabricación del mismo."
reserva_entrega,compra,¿Cómo funciona la reserva y la entrega inmediata?,3,vector,,5,True,condiciones_compra_entrega.reserva_pago_inicial | condiciones_compra_entrega.entrega_inmediata,condiciones_compra_entrega.reserva_pago_inicial,condiciones compra entrega - reserva pago inicial,condiciones_compra_entrega,44,0.25,0.5,0.3684,200 | usd,reserva: USD 200 para reservar la unidad plazo confirmacion: 30 días para confirmar la compra con el 20% de anticipo forma pago: Pagos en pesos a cambio oficial del cierre anterior al día del efectivo pago pagos adicionales: Se pueden realizar pagos adicion...
telefono_ventas,contacto,¿Cuál es el teléfono de ventas de movilidad eléctrica?,1,keyword,16,,True,contactos.telefono_movilidad_ventas,contactos.telefono_movilidad_ventas,contactos - telefono movilidad ventas,contactos,8,0.75,1.0,0.2667,0266 | 4305996,(0266) 4305996 (Se usa para llamar al área de ventas de movilidad eléctrica)
telefono_ventas,contacto,¿Cuál es el teléfono de ventas de movilidad eléctrica?,2,keyword,10,,False,contactos.telefono_movilidad_ventas,preguntas_frecuentes.general[0],FAQ general - ¿Qué es Coradir Movilidad Eléctrica?,preguntas_frecuentes,26,0.5,0.0,0.1,,"Pregunta: ¿Qué es Coradir Movilidad Eléctrica? Respuesta: Coradir Movilidad Eléctrica es una división de CORADIR S.A., empresa argentina líder en innovación tecnológica. Desde 2020, nos dedicamos al desarrollo y fabricación de vehículos eléctricos con tecno..."
telefono_ventas,contacto,¿Cuál es el teléfono de ventas de movilidad eléctrica?,3,vector,,3,False,contactos.telefono_movilidad_ventas,site_navigation.current_site,site navigation - current site,site_navigation,2,0.5,0.0,0.0667,,Movilidad Eléctrica
empresa_que_es_coradir_movilidad,empresa,¿Qué es Coradir Movilidad Eléctrica?,1,keyword,15,,True,preguntas_frecuentes.general[0] | empresa.descripcion,preguntas_frecuentes.general[0],FAQ general - ¿Qué es Coradir Movilidad Eléctrica?,preguntas_frecuentes,26,1.0,1.0,0.7143,2020 | coradir | s.a,"Pregunta: ¿Qué es Coradir Movilidad Eléctrica? Respuesta: Coradir Movilidad Eléctrica es una división de CORADIR S.A., empresa argentina líder en innovación tecnológica. Desde 2020, nos dedicamos al desarrollo y fabricación de vehículos eléctricos con tecno..."
empresa_que_es_coradir_movilidad,empresa,¿Qué es Coradir Movilidad Eléctrica?,2,keyword,11,,False,preguntas_frecuentes.general[0] | empresa.descripcion,sitios_web.movilidad_electrica,sitios web - movilidad electrica,sitios_web,2,0.0,0.0,0.0714,,https://movilidad.coradir.com.ar/
empresa_que_es_coradir_movilidad,empresa,¿Qué es Coradir Movilidad Eléctrica?,3,vector,,5,False,preguntas_frecuentes.general[0] | empresa.descripcion,sitios_web.energias_renovables,sitios web - energias renovables,sitios_web,2,0.0,0.0,0.0357,,https://energia.coradir.com.ar/
empresa_donde_se_fabrican,empresa,¿Dónde se fabrican los vehículos eléctricos de Coradir?,1,keyword,20,,True,preguntas_frecuentes.general[1] | empresa.plantas_fabricacion,preguntas_frecuentes.general[1],FAQ general - ¿Dónde se fabrican los vehículos eléctricos de Coradir?,preguntas_frecuentes,23,1.0,1.0,0.6,0.6 | argentina | km | luis | ruta | san,"Pregunta: ¿Dónde se fabrican los vehículos eléctricos de Coradir? Respuesta: Nuestros vehículos se fabrican en Argentina, principalmente en nuestra planta de San Luis ubicada en Ruta 3 km 0.6 (Sur), San Luis Capital."
empresa_donde_se_fabrican,empresa,¿Dónde se fabrican los vehículos eléctricos de Coradir?,2,keyword,15,,False,preguntas_frecuentes.general[1] | empresa.plantas_fabricacion,preguntas_frecuentes.vehiculos[0],FAQ vehiculos - ¿Cuál es la autonomía de los vehículos eléctricos de Coradir?,preguntas_frecuentes,22,0.75,0.1667,0.5667,km,"Pregunta: ¿Cuál es la autonomía de los vehículos eléctricos de Coradir? Respuesta: Dependiendo del modelo, ofrecemos versiones con autonomía de 70 km hasta 300 km. La autonomía varía según el modelo y tipo de batería."
empresa_donde_se_fabrican,empresa,¿Dónde se fabrican los vehículos eléctricos de Coradir?,3,vector,,3,False,preguntas_frecuentes.general[1] | empresa.plantas_fabricacion,preguntas_frecuentes.adquisicion[0],FAQ adquisicion - ¿Dónde puedo comprar un vehículo eléctrico Coradir?,preguntas_frecuentes,21,0.25,0.0,0.0667,,Pregunta: ¿Dónde puedo comprar un vehículo eléctrico Coradir? Respuesta: Puede adquirirlos en nuestras agencias oficiales distribuidas por todo el país. Consulte la lista completa en nuestro sitio web.
empresa_donde_se_fabrican,empresa,¿Dónde se fabrican los vehículos eléctricos de Coradir?,4,vector,,5,False,preguntas_frecuentes.general[1] | empresa.plantas_fabricacion,preguntas_frecuentes.general[0],FAQ general - ¿Qué es Coradir Movilidad Eléctrica?,preguntas_frecuentes,26,0.75,0.1667,0.1667,argentina,"Pregunta: ¿Qué es Coradir Movilidad Eléctrica? Respuesta: Coradir Movilidad Eléctrica es una división de CORADIR S.A., empresa argentina líder en innovación tecnológica. Desde 2020, nos dedicamos al desarrollo y fabricación de vehículos eléctricos con tecno..."
empresa_plantas_fabricacion,empresa,¿Qué plantas de fabricación tiene CORADIR?,1,keyword,10,,True,empresa.plantas_fabricacion,empresa.plantas_fabricacion,empresa - plantas fabricacion,empresa,35,0.0,1.0,1.0,2853 | aires | buenos | luis | planta | san | uspallata,"- nombre: Planta San Luis tipo: Casa Matriz ubicacion: Ruta 3 km 0.6 (Sur), San Luis Capital (CP5700) capacidad: 5.000 m² de instalaciones - nombre: Planta Buenos Aires ubicacion: Uspallata 2853, Parque Patricios, CABA (CP1437) capacidad: 2.500 m² cubiertos"
empresa_plantas_fabricacion,empresa,¿Qué plantas de fabricación tiene CORADIR?,2,keyword,6,,False,empresa.plantas_fabricacion,preguntas_frecuentes.general[0],FAQ general - ¿Qué es Coradir Movilidad Eléctrica?,preguntas_frecuentes,26,0.6667,0.0,0.0,,"Pregunta: ¿Qué es Coradir Movilidad Eléctrica? Respuesta: Coradir Movilidad Eléctrica es una división de CORADIR S.A., empresa argentina líder en innovación tecnológica. Desde 2020, nos dedicamos al desarrollo y fabricación de vehículos eléctricos con tecno..."
empresa_plantas_fabricacion,empresa,¿Qué plantas de fabricación tiene CORADIR?,3,vector,,1,False,empresa.plantas_fabricacion,empresa.nombre,empresa - nombre,empresa,2,0.3333,0.0,0.0,,CORADIR S.A.
empresa_plantas_fabricacion,empresa,¿Qué plantas de fabricación tiene CORADIR?,4,vector,,3,False,empresa.plantas_fabricacion,sitios_web.principal,sitios web - principal,sitios_web,2,0.0,0.0,0.0,,https://www.coradir.com.ar/
empresa_plantas_fabricacion,empresa,¿Qué plantas de fabricación tiene CORADIR?,5,vector,,5,False,empresa.plantas_fabricacion,contactos.telefono_general_empresa_coradir,contactos - telefono general empresa coradir,contactos,7,0.3333,0.0,0.0714,,(0266) 4458255 (Telefono de la casa matriz de CORADIR S.A.)
empresa_certificaciones_iso,empresa,¿Qué certificaciones ISO se mencionan en la historia de CORADIR?,1,keyword,7,,False,empresa.historia,aplicaciones_coradir.contactito_plus,aplicaciones coradir - contactito plus,aplicaciones_coradir,59,0.0,0.0,0.2105,,descripcion: Versión premium de CONTACTITO con funcionalidad de geolocalización funcionalidad geolocalizacion: descripcion: Permite verificar el estado de la batería y saber exactamente dónde se encuentra el vehículo en todo momento beneficios: - No preocup...
empresa_certificaciones_iso,empresa,¿Qué certificaciones ISO se mencionan en la historia de CORADIR?,2,keyword,6,,True,empresa.historia,empresa.historia,empresa - historia,empresa,40,0.2,1.0,0.4737,14001 | 9001 | iso,"fundacion: Establecida en San Luis por emprendedores argentinos y respaldada por capitales nacionales hitos: - año: 2004 descripcion: Obtención de la certificación ISO 9001, marcando su compromiso con la calidad - año: 2010 descripcion: Obtención de la cert..."
empresa_certificaciones_iso,empresa,¿Qué certificaciones ISO se mencionan en la historia de CORADIR?,3,vector,,1,False,empresa.historia,empresa.nombre,empresa - nombre,empresa,2,0.2,0.0,0.0526,,CORADIR S.A.
empresa_certificaciones_iso,empresa,¿Qué certificaciones ISO se mencionan en la historia de CORADIR?,4,vector,,3,False,empresa.historia,sitios_web.principal,sitios web - principal,sitios_web,2,0.0,0.0,0.0,,https://www.coradir.com.ar/
empresa_certificaciones_iso,empresa,¿Qué certificaciones ISO se mencionan en la historia de CORADIR?,5,vector,,5,False,empresa.historia,contactos.telefono_general_empresa_coradir,contactos - telefono general empresa coradir,contactos,7,0.2,0.0,0.0526,,(0266) 4458255 (Telefono de la casa matriz de CORADIR S.A.)
empresa_valores,empresa,¿Qué valores destaca CORADIR para sus vehículos eléctricos?,1,keyword,15,,False,empresa.valores,preguntas_frecuentes.general[1],FAQ general - ¿Dónde se fabrican los vehículos eléctricos de Coradir?,preguntas_frecuentes,23,0.6,0.0,0.5455,,"Pregunta: ¿Dónde se fabrican los vehículos eléctricos de Coradir? Respuesta: Nuestros vehículos se fabrican en Argentina, principalmente en nuestra planta de San Luis ubicada en Ruta 3 km 0.6 (Sur), San Luis Capital."
empresa_valores,empresa,¿Qué valores destaca CORADIR para sus vehículos eléctricos?,2,keyword,15,,False,empresa.valores,preguntas_frecuentes.vehiculos[0],FAQ vehiculos - ¿Cuál es la autonomía de los vehículos eléctricos de Coradir?,preguntas_frecuentes,22,0.6,0.0,0.1515,,"Pregunta: ¿Cuál es la autonomía de los vehículos eléctricos de Coradir? Respuesta: Dependiendo del modelo, ofrecemos versiones con autonomía de 70 km hasta 300 km. La autonomía varía según el modelo y tipo de batería."
empresa_valores,empresa,¿Qué valores destaca CORADIR para sus vehículos eléctricos?,3,vector,,1,False,empresa.valores,site_navigation.main_menu,site navigation - main menu,site_navigation,82,0.6,0.0,0.1212,,"- seccion vehiculos: Catálogo completo de vehículos eléctricos de CORADIR, incluyendo modelos como TITO, TITA, TITA CUADRILLA, BARRE-TITA y CHIKI con sus especificaciones técnicas y variantes disponibles - seccion entrega inmediata: Información sobre vehícu..."
empresa_valores,empresa,¿Qué valores destaca CORADIR para sus vehículos eléctricos?,4,vector,,5,False,empresa.valores,sitios_web.energias_renovables,sitios web - energias renovables,sitios_web,2,0.0,0.0,0.0,,https://energia.coradir.com.ar/
movilidad_beneficios_generales,movilidad,¿Qué beneficios generales tiene la movilidad eléctrica de Coradir?,1,keyword,20,,True,movilidad_electrica.beneficios_generales,movilidad_electrica.beneficios_generales,movilidad electrica - beneficios generales,movilidad_electrica,28,0.2,1.0,0.6087,220v | emisiones | silencioso | sin,- Rendimiento: Propulsor eléctrico de alta eficiencia - Carga Fácil: Directo a conector de 220v domiciliario - Silencioso: Libre de ruido y vibración - Ecológico: Sin emisiones de CO2 ni gases de efecto invernadero - Económico: Relación 10 a 1 en gastos de...
movilidad_beneficios_generales,movilidad,¿Qué beneficios generales tiene la movilidad eléctrica de Coradir?,2,keyword,15,,False,movilidad_electrica.beneficios_generales,preguntas_frecuentes.general[0],FAQ general - ¿Qué es Coradir Movilidad Eléctrica?,preguntas_frecuentes,26,0.6,0.0,0.413,,"Pregunta: ¿Qué es Coradir Movilidad Eléctrica? Respuesta: Coradir Movilidad Eléctrica es una división de CORADIR S.A., empresa argentina líder en innovación tecnológica. Desde 2020, nos dedicamos al desarrollo y fabricación de vehículos eléctricos con tecno..."
movilidad_beneficios_generales,movilidad,¿Qué beneficios generales tiene la movilidad eléctrica de Coradir?,3,vector,,3,False,movilidad_electrica.beneficios_generales,sitios_web.energias_renovables,sitios web - energias renovables,sitios_web,2,0.0,0.0,0.0,,https://energia.coradir.com.ar/
movilidad_beneficios_generales,movilidad,¿Qué beneficios generales tiene la movilidad eléctrica de Coradir?,4,vector,,5,False,movilidad_electrica.beneficios_generales,preguntas_frecuentes.ambiental[0],FAQ ambiental - ¿Cuál es el impacto ambiental de los vehículos eléctricos Coradir?,preguntas_frecuentes,24,0.2,0.25,0.1957,emisiones,"Pregunta: ¿Cuál es el impacto ambiental de los vehículos eléctricos Coradir? Respuesta: Nuestros vehículos no generan emisiones de CO2 ni gases de efecto invernadero durante su uso. Además, son silenciosos, reduciendo la contaminación sonora en las ciudades."
movilidad_relacion_gastos,movilidad,¿Qué relación de gastos de movilidad menciona Coradir?,1,keyword,10,,False,movilidad_electrica.beneficios_generales,preguntas_frecuentes.general[0],FAQ general - ¿Qué es Coradir Movilidad Eléctrica?,preguntas_frecuentes,26,0.4,0.5,0.7692,movilidad,"Pregunta: ¿Qué es Coradir Movilidad Eléctrica? Respuesta: Coradir Movilidad Eléctrica es una división de CORADIR S.A., empresa argentina líder en innovación tecnológica. Desde 2020, nos dedicamos al desarrollo y fabricación de vehículos eléctricos con tecno..."
movilidad_relacion_gastos,movilidad,¿Qué relación de gastos de movilidad menciona Coradir?,2,keyword,7,,True,movilidad_electrica.beneficios_generales,movilidad_electrica.beneficios_generales,movilidad electrica - beneficios generales,movilidad_electrica,28,0.6,1.0,0.1923,10 | movilidad,- Rendimiento: Propulsor eléctrico de alta eficiencia - Carga Fácil: Directo a conector de 220v domiciliario - Silencioso: Libre de ruido y vibración - Ecológico: Sin emisiones de CO2 ni gases de efecto invernadero - Económico: Relación 10 a 1 en gastos de...
movilidad_relacion_gastos,movilidad,¿Qué relación de gastos de movilidad menciona Coradir?,3,vector,,1,False,movilidad_electrica.beneficios_generales,sitios_web.movilidad_electrica,sitios web - movilidad electrica,sitios_web,2,0.0,0.0,0.0,,https://movilidad.coradir.com.ar/
movilidad_relacion_gastos,movilidad,¿Qué relación de gastos de movilidad menciona Coradir?,4,vector,,3,False,movilidad_electrica.beneficios_generales,sitios_web.principal,sitios web - principal,sitios_web,2,0.0,0.0,0.0,,https://www.coradir.com.ar/
movilidad_relacion_gastos,movilidad,¿Qué relación de gastos de movilidad menciona Coradir?,5,vector,,5,False,movilidad_electrica.beneficios_generales,contactos.email_movilidad_ventas,contactos - email movilidad ventas,contactos,2,0.0,0.0,0.0769,,autos@coradir.com.ar
app_contactito_funciones,app,¿Para qué sirve la app CONTACTITO?,1,keyword,10,,True,aplicaciones_coradir.contactito_app,aplicaciones_coradir.contactito_app,aplicaciones coradir - contactito app,aplicaciones_coradir,67,0.6667,1.0,1.0,10 | 100 | bateria,descripcion: CONTACTITO es una app de notificaciones que te ayuda a mantenerte informado sobre cualquier actualización de tu TITO. funcion principal: Advertir el estado de la batería del vehículo funcionalidades: - Supervisar el nivel de carga mientras el T...
app_contactito_funciones,app,¿Para qué sirve la app CONTACTITO?,2,keyword,5,,False,aplicaciones_coradir.contactito_app,aplicaciones_coradir.contactito_plus,aplicaciones coradir - contactito plus,aplicaciones_coradir,59,0.3333,0.3333,0.122,bateria,descripcion: Versión premium de CONTACTITO con funcionalidad de geolocalización funcionalidad geolocalizacion: descripcion: Permite verificar el estado de la batería y saber exactamente dónde se encuentra el vehículo en todo momento beneficios: - No preocup...
app_contactito_funciones,app,¿Para qué sirve la app CONTACTITO?,3,vector,,5,False,aplicaciones_coradir.contactito_app,contactos.telefono_movilidad_posventa,contactos - telefono movilidad posventa,contactos,11,0.0,0.0,0.0,,(0266) 5264805 (Se usa para llamar al área posventa y también se usa para servicio técnico y reclamos)
app_contactito_plus,app,¿Qué agrega CONTACTITO Plus?,1,keyword,11,,True,aplicaciones_coradir.contactito_plus,aplicaciones_coradir.contactito_plus,aplicaciones coradir - contactito plus,aplicaciones_coradir,59,0.3333,1.0,1.0,geolocalizacion | historial | ubicacion,descripcion: Versión premium de CONTACTITO con funcionalidad de geolocalización funcionalidad geolocalizacion: descripcion: Permite verificar el estado de la batería y saber exactamente dónde se encuentra el vehículo en todo momento beneficios: - No preocup...
app_contactito_plus,app,¿Qué agrega CONTACTITO Plus?,2,keyword,5,,False,aplicaciones_coradir.contactito_plus,aplicaciones_coradir.contactito_app,aplicaciones coradir - contactito app,aplicaciones_coradir,67,0.3333,0.0,0.1154,,descripcion: CONTACTITO es una app de notificaciones que te ayuda a mantenerte informado sobre cualquier actualización de tu TITO. funcion principal: Advertir el estado de la batería del vehículo funcionalidades: - Supervisar el nivel de carga mientras el T...
app_contactito_plus,app,¿Qué agrega CONTACTITO Plus?,3,vector,,5,False,aplicaciones_coradir.contactito_plus,vehiculos_detalles.ACLARACION_IMPORTANTE,Ficha tecnica ACLARACION_IMPORTANTE,vehiculos_detalles,40,0.0,0.0,0.0192,,"nota discrepancia web: IMPORTANTE: La información de este chatbot está más actualizada que la página web. Si encontrás diferencias entre lo que te digo y lo que ves en la web, la información correcta es la que te proporciono aquí. La página web se está actu..."
web_reservas,sitios_web,¿Cuál es la URL para iniciar la reserva de un vehículo?,1,keyword,8,,True,sitios_web.movilidad_electrica_reservas,sitios_web.movilidad_electrica_reservas,sitios web - movilidad electrica reservas,sitios_web,8,1.0,1.0,0.381,movilidad.coradir.com.ar | reservas,Esta URL permite iniciar la reserva de un vehiculo https://movilidad.coradir.com.ar/reservas/
web_reservas,sitios_web,¿Cuál es la URL para iniciar la reserva de un vehículo?,2,keyword,5,,False,sitios_web.movilidad_electrica_reservas,preguntas_frecuentes.general[1],FAQ general - ¿Dónde se fabrican los vehículos eléctricos de Coradir?,preguntas_frecuentes,23,0.0,0.0,0.0,,"Pregunta: ¿Dónde se fabrican los vehículos eléctricos de Coradir? Respuesta: Nuestros vehículos se fabrican en Argentina, principalmente en nuestra planta de San Luis ubicada en Ruta 3 km 0.6 (Sur), San Luis Capital."
web_reservas,sitios_web,¿Cuál es la URL para iniciar la reserva de un vehículo?,3,vector,,3,False,sitios_web.movilidad_electrica_reservas,preguntas_frecuentes.mantenimiento[1],FAQ mantenimiento - ¿Dónde puedo realizar el servicio técnico de mi vehículo o efectuar un reclamo?,preguntas_frecuentes,23,0.25,0.0,0.0476,,"Pregunta: ¿Dónde puedo realizar el servicio técnico de mi vehículo o efectuar un reclamo? Respuesta: Contamos con una amplia red de servicio técnico en todo el país. Para más información, puede contactar al (0266) 5264805"
web_reservas,sitios_web,¿Cuál es la URL para iniciar la reserva de un vehículo?,4,vector,,5,False,sitios_web.movilidad_electrica_reservas,preguntas_frecuentes.adquisicion[0],FAQ adquisicion - ¿Dónde puedo comprar un vehículo eléctrico Coradir?,preguntas_frecuentes,21,0.25,0.0,0.0952,,Pregunta: ¿Dónde puedo comprar un vehículo eléctrico Coradir? Respuesta: Puede adquirirlos en nuestras agencias oficiales distribuidas por todo el país. Consulte la lista completa en nuestro sitio web.
modelos_discontinuados,vehiculos,¿Qué pasó con los modelos de 100 km y el CHIKI-G?,1,keyword,6,,False,vehiculos_detalles.ACLARACION_IMPORTANTE | todos_los_vehiculos_disponibles.NOTAS_IMPORTANTES,todos_los_vehiculos_disponibles.CHIKI,Disponibilidad CHIKI,disponibilidad_vehiculos,9,0.4,0.3333,0.1667,chiki,modelos disponibles: - CHIKI-L (110KM) LITIO disponibilidad: ENTREGA A 60 DÍAS
modelos_discontinuados,vehiculos,¿Qué pasó con los modelos de 100 km y el CHIKI-G?,2,keyword,6,,False,vehiculos_detalles.ACLARACION_IMPORTANTE | todos_los_vehiculos_disponibles.NOTAS_IMPORTANTES,vehiculos_detalles.CHIKI,Ficha tecnica CHIKI,vehiculos_detalles,119,0.4,0.3333,0.1667,chiki,"modelo disponible: nombre: CHIKI-L (110KM) LITIO descripcion: Versión con batería de litio del CHIKI, ofreciendo mayor autonomía y ciclos de vida, ideal para desplazamientos urbanos. NOTA: CHIKI-G ha sido discontinuado. parametros basicos: puertas: 2 bateri..."
modelos_discontinuados,vehiculos,¿Qué pasó con los modelos de 100 km y el CHIKI-G?,3,vector,,1,True,vehiculos_detalles.ACLARACION_IMPORTANTE | todos_los_vehiculos_disponibles.NOTAS_IMPORTANTES,todos_los_vehiculos_disponibles.NOTAS_IMPORTANTES,Disponibilidad NOTAS_IMPORTANTES,disponibilidad_vehiculos,47,0.8,0.6667,0.9167,chiki | discontinuados,modelos discontinuados: - TITO S2 100 (sin AA) - TITO S2 100 AA - TITO S5 100 (sin AA) - TITO S5 100 AA - TITA 4P 100 (sin AA) - TITA 4P 100 AA - CHIKI G politica actual: La empresa se centra únicamente en vehículos con autonomía de 300 km (excepto CHIKI-L...
modelos_discontinuados,vehiculos,¿Qué pasó con los modelos de 100 km y el CHIKI-G?,4,vector,,3,True,vehiculos_detalles.ACLARACION_IMPORTANTE | todos_los_vehiculos_disponibles.NOTAS_IMPORTANTES,vehiculos_detalles.ACLARACION_IMPORTANTE,Ficha tecnica ACLARACION_IMPORTANTE,vehiculos_detalles,40,0.4,1.0,0.3333,100km | chiki | discontinuados,"nota discrepancia web: IMPORTANTE: La información de este chatbot está más actualizada que la página web. Si encontrás diferencias entre lo que te digo y lo que ves en la web, la información correcta es la que te proporciono aquí. La página web se está actu..."
tito_s2_modelos_disponibles,vehiculos,¿Qué versiones están disponibles del TITO S2?,1,keyword,12,,True,todos_los_vehiculos_disponibles.TITO S2 | vehiculos_detalles.TITO,vehiculos_detalles.TITO.modelos_disponibles[0],Modelo TITO S2-300,vehiculos_detalles,138,0.8,1.0,1.0,300 | aa | s2 | tito,"nombre: TITO S2-300 descripcion: Un hito en nuestra historia. Este vehículo 100% eléctrico se diseñó pensando en las necesidades de las ciudades argentinas. Con cuatro plazas y amplio espacio de carga, se convirtió en una alternativa atractiva para familias..."
tito_s2_modelos_disponibles,vehiculos,¿Qué versiones están disponibles del TITO S2?,2,keyword,11,,True,todos_los_vehiculos_disponibles.TITO S2 | vehiculos_detalles.TITO,todos_los_vehiculos_disponibles.TITO S2,Disponibilidad TITO S2,disponibilidad_vehiculos,13,0.6,1.0,0.7143,300 | aa | s2 | tito,modelos disponibles: - TITO S2-300 - TITO S2-300 AA disponibilidad: Inmediata - Unidades limitadas
tito_s2_modelos_disponibles,vehiculos,¿Qué versiones están disponibles del TITO S2?,3,vector,,3,False,todos_los_vehiculos_disponibles.TITO S2 | vehiculos_detalles.TITO,Precios_Vehiculos_Actualizados.TITO S2,Precios TITO S2,precios,21,0.4,1.0,0.5714,300 | aa | s2 | tito,"TITO S2-300: precio: USD 15.972,50 disponibilidad: Inmediata - Unidades limitadas TITO S2-300 AA: precio: USD 16.722,50 disponibilidad: Inmediata - Unidades limitadas"
tito_s2_modelos_disponibles,vehiculos,¿Qué versiones están disponibles del TITO S2?,4,vector,,5,False,todos_los_vehiculos_disponibles.TITO S2 | vehiculos_detalles.TITO,todos_los_vehiculos_disponibles.TITA S2,Disponibilidad TITA S2,disponibilidad_vehiculos,12,0.4,0.75,0.5714,300 | aa | s2,modelos disponibles: - TITA S2-300 - TITA S2-300 AA disponibilidad: ENTREGA INMEDIATA
tito_s5_modelos_disponibles,vehiculos,¿Qué versiones están disponibles del TITO S5?,1,keyword,12,,True,todos_los_vehiculos_disponibles.TITO S5 | vehiculos_detalles.TITO,vehiculos_detalles.TITO.modelos_disponibles[1],Modelo TITO S5-300,vehiculos_detalles,131,0.8,1.0,1.0,300 | aa | s5 | tito,"nombre: TITO S5-300 descripcion: Evolución del TITO S2 con avanzada tecnología y características innovadoras, demostrando el compromiso con la evolución constante. Ahora disponible únicamente en versión 300km. versiones disponibles: TITO S5-300: autonomía:..."
tito_s5_modelos_disponibles,vehiculos,¿Qué versiones están disponibles del TITO S5?,2,keyword,11,,True,todos_los_vehiculos_disponibles.TITO S5 | vehiculos_detalles.TITO,todos_los_vehiculos_disponibles.TITO S5,Disponibilidad TITO S5,disponibilidad_vehiculos,13,0.6,1.0,0.7143,300 | aa | s5 | tito,modelos disponibles: - TITO S5-300 - TITO S5-300 AA disponibilidad: Inmediata - Unidades limitadas
tito_s5_modelos_disponibles,vehiculos,¿Qué versiones están disponibles del TITO S5?,3,vector,,3,False,todos_los_vehiculos_disponibles.TITO S5 | vehiculos_detalles.TITO,Precios_Vehiculos_Actualizados.TITO S5,Precios TITO S5,precios,21,0.4,1.0,0.5714,300 | aa | s5 | tito,"TITO S5-300: precio: USD 16.981,25 disponibilidad: Inmediata - Unidades limitadas TITO S5-300 AA: precio: USD 17.731,25 disponibilidad: Inmediata - Unidades limitadas"
tito_s2_300_precio,precios,¿Cuál es el precio del TITO S2-300?,1,keyword,20,,True,Precios_Vehiculos_Actualizados.TITO S2.TITO S2-300,Precios_Vehiculos_Actualizados.TITO S2.TITO S2-300,Precio TITO S2-300,precios,7,0.25,1.0,0.4286,15.972.50 | usd,"precio: USD 15.972,50 disponibilidad: Inmediata - Unidades limitadas"
tito_s2_300_precio,precios,¿Cuál es el precio del TITO S2-300?,2,keyword,20,,True,Precios_Vehiculos_Actualizados.TITO S2.TITO S2-300,Precios_Vehiculos_Actualizados.TITO S2.TITO S2-300 AA,Precio TITO S2-300 AA,precios,7,0.25,0.5,0.4286,usd,"precio: USD 16.722,50 disponibilidad: Inmediata - Unidades limitadas"
tito_s2_300_precio,precios,¿Cuál es el precio del TITO S2-300?,3,vector,,1,True,Precios_Vehiculos_Actualizados.TITO S2.TITO S2-300,Precios_Vehiculos_Actualizados.TITO S2,Precios TITO S2,precios,21,1.0,1.0,1.0,15.972.50 | usd,"TITO S2-300: precio: USD 15.972,50 disponibilidad: Inmediata - Unidades limitadas TITO S2-300 AA: precio: USD 16.722,50 disponibilidad: Inmediata - Unidades limitadas"
tito_s2_300_precio,precios,¿Cuál es el precio del TITO S2-300?,4,vector,,3,False,Precios_Vehiculos_Actualizados.TITO S2.TITO S2-300,todos_los_vehiculos_disponibles.TITO S2,Disponibilidad TITO S2,disponibilidad_vehiculos,13,0.75,0.0,0.4286,,modelos disponibles: - TITO S2-300 - TITO S2-300 AA disponibilidad: Inmediata - Unidades limitadas
tito_s2_300_precio,precios,¿Cuál es el precio del TITO S2-300?,5,vector,,5,False,Precios_Vehiculos_Actualizados.TITO S2.TITO S2-300,Precios_Vehiculos_Actualizados.TITO S5,Precios TITO S5,precios,21,0.75,0.5,0.5714,usd,"TITO S5-300: precio: USD 16.981,25 disponibilidad: Inmediata - Unidades limitadas TITO S5-300 AA: precio: USD 17.731,25 disponibilidad: Inmediata - Unidades limitadas"
tito_s2_300_aa_precio,precios,¿Cuál es el precio del TITO S2-300 AA?,1,keyword,20,,True,Precios_Vehiculos_Actualizados.TITO S2.TITO S2-300 AA,Precios_Vehiculos_Actualizados.TITO S2.TITO S2-300,Precio TITO S2-300,precios,7,0.2,0.5,0.75,usd,"precio: USD 15.972,50 disponibilidad: Inmediata - Unidades limitadas"
tito_s2_300_aa_precio,precios,¿Cuál es el precio del TITO S2-300 AA?,2,keyword,20,,True,Precios_Vehiculos_Actualizados.TITO S2.TITO S2-300 AA,Precios_Vehiculos_Actualizados.TITO S2.TITO S2-300 AA,Precio TITO S2-300 AA,precios,7,0.2,1.0,0.75,16.722.50 | usd,"precio: USD 16.722,50 disponibilidad: Inmediata - Unidades limitadas"
tito_s2_300_aa_precio,precios,¿Cuál es el precio del TITO S2-300 AA?,3,vector,,1,True,Precios_Vehiculos_Actualizados.TITO S2.TITO S2-300 AA,Precios_Vehiculos_Actualizados.TITO S2,Precios TITO S2,precios,21,1.0,1.0,1.0,16.722.50 | usd,"TITO S2-300: precio: USD 15.972,50 disponibilidad: Inmediata - Unidades limitadas TITO S2-300 AA: precio: USD 16.722,50 disponibilidad: Inmediata - Unidades limitadas"
tito_s2_300_aa_precio,precios,¿Cuál es el precio del TITO S2-300 AA?,4,vector,,3,False,Precios_Vehiculos_Actualizados.TITO S2.TITO S2-300 AA,todos_los_vehiculos_disponibles.TITO S2,Disponibilidad TITO S2,disponibilidad_vehiculos,13,0.8,0.0,0.0,,modelos disponibles: - TITO S2-300 - TITO S2-300 AA disponibilidad: Inmediata - Unidades limitadas
tito_s2_300_aa_precio,precios,¿Cuál es el precio del TITO S2-300 AA?,5,vector,,5,False,Precios_Vehiculos_Actualizados.TITO S2.TITO S2-300 AA,Precios_Vehiculos_Actualizados.TITO S5,Precios TITO S5,precios,21,0.8,0.5,0.5,usd,"TITO S5-300: precio: USD 16.981,25 disponibilidad: Inmediata - Unidades limitadas TITO S5-300 AA: precio: USD 17.731,25 disponibilidad: Inmediata - Unidades limitadas"
tito_s5_300_precio,precios,¿Cuál es el precio del TITO S5-300 sin aire acondicionado?,1,keyword,20,,True,Precios_Vehiculos_Actualizados.TITO S5.TITO S5-300,Precios_Vehiculos_Actualizados.TITO S5.TITO S5-300,Precio TITO S5-300,precios,7,0.1429,1.0,0.4286,16.981.25 | usd,"precio: USD 16.981,25 disponibilidad: Inmediata - Unidades limitadas"
tito_s5_300_precio,precios,¿Cuál es el precio del TITO S5-300 sin aire acondicionado?,2,keyword,20,,True,Precios_Vehiculos_Actualizados.TITO S5.TITO S5-300,Precios_Vehiculos_Actualizados.TITO S5.TITO S5-300 AA,Precio TITO S5-300 AA,precios,7,0.1429,0.5,0.4286,usd,"precio: USD 17.731,25 disponibilidad: Inmediata - Unidades limitadas"
tito_s5_300_precio,precios,¿Cuál es el precio del TITO S5-300 sin aire acondicionado?,3,vector,,1,True,Precios_Vehiculos_Actualizados.TITO S5.TITO S5-300,Precios_Vehiculos_Actualizados.TITO S5,Precios TITO S5,precios,21,0.5714,1.0,1.0,16.981.25 | usd,"TITO S5-300: precio: USD 16.981,25 disponibilidad: Inmediata - Unidades limitadas TITO S5-300 AA: precio: USD 17.731,25 disponibilidad: Inmediata - Unidades limitadas"
tito_s5_300_precio,precios,¿Cuál es el precio del TITO S5-300 sin aire acondicionado?,4,vector,,3,False,Precios_Vehiculos_Actualizados.TITO S5.TITO S5-300,todos_los_vehiculos_disponibles.TITO S5,Disponibilidad TITO S5,disponibilidad_vehiculos,13,0.4286,0.0,0.4286,,modelos disponibles: - TITO S5-300 - TITO S5-300 AA disponibilidad: Inmediata - Unidades limitadas
tito_s5_300_precio,precios,¿Cuál es el precio del TITO S5-300 sin aire acondicionado?,5,vector,,5,False,Precios_Vehiculos_Actualizados.TITO S5.TITO S5-300,vehiculos_detalles.TITO.modelos_disponibles[1],Modelo TITO S5-300,vehiculos_detalles,131,0.7143,0.0,0.4286,,"nombre: TITO S5-300 descripcion: Evolución del TITO S2 con avanzada tecnología y características innovadoras, demostrando el compromiso con la evolución constante. Ahora disponible únicamente en versión 300km. versiones disponibles: TITO S5-300: autonomía:..."
tito_capacidad_autonomia,vehiculos,¿Cuántas personas lleva un TITO y qué autonomía tienen las versiones actuales?,1,keyword,8,,True,vehiculos_detalles.TITO,vehiculos_detalles.TITO,Ficha tecnica TITO,vehiculos_detalles,322,0.5714,1.0,1.0,300 | km | personas,"modelos disponibles: - nombre: TITO S2-300 descripcion: Un hito en nuestra historia. Este vehículo 100% eléctrico se diseñó pensando en las necesidades de las ciudades argentinas. Con cuatro plazas y amplio espacio de carga, se convirtió en una alternativa..."
tito_capacidad_autonomia,vehiculos,¿Cuántas personas lleva un TITO y qué autonomía tienen las versiones actuales?,2,keyword,8,,True,vehiculos_detalles.TITO,vehiculos_detalles.TITO.modelos_disponibles[0],Modelo TITO S2-300,vehiculos_detalles,138,0.5714,1.0,0.8889,300 | km | personas,"nombre: TITO S2-300 descripcion: Un hito en nuestra historia. Este vehículo 100% eléctrico se diseñó pensando en las necesidades de las ciudades argentinas. Con cuatro plazas y amplio espacio de carga, se convirtió en una alternativa atractiva para familias..."
tito_capacidad_autonomia,vehiculos,¿Cuántas personas lleva un TITO y qué autonomía tienen las versiones actuales?,3,vector,,1,False,vehiculos_detalles.TITO,todos_los_vehiculos_disponibles.NOTAS_IMPORTANTES,Disponibilidad NOTAS_IMPORTANTES,disponibilidad_vehiculos,47,0.2857,0.6667,0.6667,300 | km,modelos discontinuados: - TITO S2 100 (sin AA) - TITO S2 100 AA - TITO S5 100 (sin AA) - TITO S5 100 AA - TITA 4P 100 (sin AA) - TITA 4P 100 AA - CHIKI G politica actual: La empresa se centra únicamente en vehículos con autonomía de 300 km (excepto CHIKI-L...
tito_capacidad_autonomia,vehiculos,¿Cuántas personas lleva un TITO y qué autonomía tienen las versiones actuales?,4,vector,,3,False,vehiculos_detalles.TITO,Precios_Vehiculos_Actualizados.TITO S5,Precios TITO S5,precios,21,0.1429,0.3333,0.3333,300,"TITO S5-300: precio: USD 16.981,25 disponibilidad: Inmediata - Unidades limitadas TITO S5-300 AA: precio: USD 17.731,25 disponibilidad: Inmediata - Unidades limitadas"
tito_capacidad_autonomia,vehiculos,¿Cuántas personas lleva un TITO y qué autonomía tienen las versiones actuales?,5,vector,,5,False,vehiculos_detalles.TITO,todos_los_vehiculos_disponibles.TITO S5,Disponibilidad TITO S5,disponibilidad_vehiculos,13,0.1429,0.3333,0.3333,300,modelos disponibles: - TITO S5-300 - TITO S5-300 AA disponibilidad: Inmediata - Unidades limitadas
tito_velocidad_potencia,vehiculos,¿Qué velocidad máxima y potencia nominal tiene el TITO?,1,keyword,9,,True,vehiculos_detalles.TITO,vehiculos_detalles.TITO,Ficha tecnica TITO,vehiculos_detalles,322,1.0,1.0,1.0,4.5 | 65 | kmh | kw,"modelos disponibles: - nombre: TITO S2-300 descripcion: Un hito en nuestra historia. Este vehículo 100% eléctrico se diseñó pensando en las necesidades de las ciudades argentinas. Con cuatro plazas y amplio espacio de carga, se convirtió en una alternativa..."
tito_velocidad_potencia,vehiculos,¿Qué velocidad máxima y potencia nominal tiene el TITO?,2,keyword,9,,True,vehiculos_detalles.TITO,vehiculos_detalles.TITO.modelos_disponibles[0],Modelo TITO S2-300,vehiculos_detalles,138,1.0,1.0,0.95,4.5 | 65 | kmh | kw,"nombre: TITO S2-300 descripcion: Un hito en nuestra historia. Este vehículo 100% eléctrico se diseñó pensando en las necesidades de las ciudades argentinas. Con cuatro plazas y amplio espacio de carga, se convirtió en una alternativa atractiva para familias..."
tito_velocidad_potencia,vehiculos,¿Qué velocidad máxima y potencia nominal tiene el TITO?,3,vector,,1,False,vehiculos_detalles.TITO,Precios_Vehiculos_Actualizados.TITO S5,Precios TITO S5,precios,21,0.2,0.0,0.15,,"TITO S5-300: precio: USD 16.981,25 disponibilidad: Inmediata - Unidades limitadas TITO S5-300 AA: precio: USD 17.731,25 disponibilidad: Inmediata - Unidades limitadas"
tito_velocidad_potencia,vehiculos,¿Qué velocidad máxima y potencia nominal tiene el TITO?,4,vector,,3,False,vehiculos_detalles.TITO,Precios_Vehiculos_Actualizados.TITO S2,Precios TITO S2,precios,21,0.2,0.0,0.15,,"TITO S2-300: precio: USD 15.972,50 disponibilidad: Inmediata - Unidades limitadas TITO S2-300 AA: precio: USD 16.722,50 disponibilidad: Inmediata - Unidades limitadas"
tito_velocidad_potencia,vehiculos,¿Qué velocidad máxima y potencia nominal tiene el TITO?,5,vector,,5,True,vehiculos_detalles.TITO,vehiculos_detalles.TITO.modelos_disponibles[1],Modelo TITO S5-300,vehiculos_detalles,131,1.0,1.0,1.0,4.5 | 65 | kmh | kw,"nombre: TITO S5-300 descripcion: Evolución del TITO S2 con avanzada tecnología y características innovadoras, demostrando el compromiso con la evolución constante. Ahora disponible únicamente en versión 300km. versiones disponibles: TITO S5-300: autonomía:..."
tito_colores,vehiculos,¿Qué colores se ofrecen para el TITO?,1,keyword,6,,True,vehiculos_detalles.TITO.colores_disponibles,vehiculos_detalles.TITO,Ficha tecnica TITO,vehiculos_detalles,322,0.6667,1.0,1.0,bicolor | rosa | verde,"modelos disponibles: - nombre: TITO S2-300 descripcion: Un hito en nuestra historia. Este vehículo 100% eléctrico se diseñó pensando en las necesidades de las ciudades argentinas. Con cuatro plazas y amplio espacio de carga, se convirtió en una alternativa..."
tito_colores,vehiculos,¿Qué colores se ofrecen para el TITO?,2,keyword,5,,False,vehiculos_detalles.TITO.colores_disponibles,todos_los_vehiculos_disponibles.TITO S2,Disponibilidad TITO S2,disponibilidad_vehiculos,13,0.3333,0.0,0.0714,,modelos disponibles: - TITO S2-300 - TITO S2-300 AA disponibilidad: Inmediata - Unidades limitadas
tito_colores,vehiculos,¿Qué colores se ofrecen para el TITO?,3,vector,,1,False,vehiculos_detalles.TITO.colores_disponibles,Precios_Vehiculos_Actualizados.TITO S2,Precios TITO S2,precios,21,0.3333,0.0,0.0,,"TITO S2-300: precio: USD 15.972,50 disponibilidad: Inmediata - Unidades limitadas TITO S2-300 AA: precio: USD 16.722,50 disponibilidad: Inmediata - Unidades limitadas"
tito_colores,vehiculos,¿Qué colores se ofrecen para el TITO?,4,vector,,5,False,vehiculos_detalles.TITO.colores_disponibles,Precios_Vehiculos_Actualizados.TITO S5,Precios TITO S5,precios,21,0.3333,0.0,0.0,,"TITO S5-300: precio: USD 16.981,25 disponibilidad: Inmediata - Unidades limitadas TITO S5-300 AA: precio: USD 17.731,25 disponibilidad: Inmediata - Unidades limitadas"
tita_s2_300_precio,precios,¿Cuál es el precio de la TITA S2-300?,1,keyword,20,,True,Precios_Vehiculos_Actualizados.TITA S2.TITA S2-300,Precios_Vehiculos_Actualizados.TITA S2.TITA S2-300,Precio TITA S2-300,precios,6,0.25,1.0,0.1579,16.981.25 | usd,"precio: USD 16.981,25 disponibilidad: ENTREGA INMEDIATA"
tita_s2_300_precio,precios,¿Cuál es el precio de la TITA S2-300?,2,keyword,20,,True,Precios_Vehiculos_Actualizados.TITA S2.TITA S2-300,Precios_Vehiculos_Actualizados.TITA S2.TITA S2-300 AA,Precio TITA S2-300 AA,precios,6,0.25,0.5,0.1579,usd,"precio: USD 17.731,25 disponibilidad: ENTREGA INMEDIATA"
tita_s2_300_precio,precios,¿Cuál es el precio de la TITA S2-300?,3,vector,,1,False,Precios_Vehiculos_Actualizados.TITA S2.TITA S2-300,Precios_Vehiculos_Actualizados.TITO S2,Precios TITO S2,precios,21,0.75,0.5,0.2632,usd,"TITO S2-300: precio: USD 15.972,50 disponibilidad: Inmediata - Unidades limitadas TITO S2-300 AA: precio: USD 16.722,50 disponibilidad: Inmediata - Unidades limitadas"
tita_s2_300_precio,precios,¿Cuál es el precio de la TITA S2-300?,4,vector,,3,False,Precios_Vehiculos_Actualizados.TITA S2.TITA S2-300,todos_los_vehiculos_disponibles.TITA S2,Disponibilidad TITA S2,disponibilidad_vehiculos,12,0.75,0.0,0.2105,,modelos disponibles: - TITA S2-300 - TITA S2-300 AA disponibilidad: ENTREGA INMEDIATA
tita_s2_300_precio,precios,¿Cuál es el precio de la TITA S2-300?,5,vector,,5,True,Precios_Vehiculos_Actualizados.TITA S2.TITA S2-300,Precios_Vehiculos_Actualizados.TITA S2,Precios TITA S2,precios,78,1.0,1.0,1.0,16.981.25 | usd,"TITA S2-300: precio: USD 16.981,25 disponibilidad: ENTREGA INMEDIATA TITA S2-300 AA: precio: USD 17.731,25 disponibilidad: ENTREGA INMEDIATA TITA S2 300 AA con Furgón: precio: USD 20.632,00 descripcion: TITA S2 300 AA + accesorio furgón aclaración: El preci..."
tita_s2_300_aa_precio,precios,¿Cuál es el precio de la TITA S2-300 AA?,1,keyword,20,,True,Precios_Vehiculos_Actualizados.TITA S2.TITA S2-300 AA,Precios_Vehiculos_Actualizados.TITA S2.TITA S2-300,Precio TITA S2-300,precios,6,0.2,0.5,0.1579,usd,"precio: USD 16.981,25 disponibilidad: ENTREGA INMEDIATA"
tita_s2_300_aa_precio,precios,¿Cuál es el precio de la TITA S2-300 AA?,2,keyword,20,,True,Precios_Vehiculos_Actualizados.TITA S2.TITA S2-300 AA,Precios_Vehiculos_Actualizados.TITA S2.TITA S2-300 AA,Precio TITA S2-300 AA,precios,6,0.2,1.0,0.1579,17.731.25 | usd,"precio: USD 17.731,25 disponibilidad: ENTREGA INMEDIATA"
tita_s2_300_aa_precio,precios,¿Cuál es el precio de la TITA S2-300 AA?,3,vector,,1,False,Precios_Vehiculos_Actualizados.TITA S2.TITA S2-300 AA,Precios_Vehiculos_Actualizados.TITO S2,Precios TITO S2,precios,21,0.8,0.5,0.2632,usd,"TITO S2-300: precio: USD 15.972,50 disponibilidad: Inmediata - Unidades limitadas TITO S2-300 AA: precio: USD 16.722,50 disponibilidad: Inmediata - Unidades limitadas"
tita_s2_300_aa_precio,precios,¿Cuál es el precio de la TITA S2-300 AA?,4,vector,,3,False,Precios_Vehiculos_Actualizados.TITA S2.TITA S2-300 AA,todos_los_vehiculos_disponibles.TITA S2,Disponibilidad TITA S2,disponibilidad_vehiculos,12,0.8,0.0,0.2105,,modelos disponibles: - TITA S2-300 - TITA S2-300 AA disponibilidad: ENTREGA INMEDIATA
tita_s2_300_aa_precio,precios,¿Cuál es el precio de la TITA S2-300 AA?,5,vector,,5,True,Precios_Vehiculos_Actualizados.TITA S2.TITA S2-300 AA,Precios_Vehiculos_Actualizados.TITA S2,Precios TITA S2,precios,78,1.0,1.0,1.0,17.731.25 | usd,"TITA S2-300: precio: USD 16.981,25 disponibilidad: ENTREGA INMEDIATA TITA S2-300 AA: precio: USD 17.731,25 disponibilidad: ENTREGA INMEDIATA TITA S2 300 AA con Furgón: precio: USD 20.632,00 descripcion: TITA S2 300 AA + accesorio furgón aclaración: El preci..."
tita_s2_furgon_precio,precios,¿Cuánto cuesta la TITA S2 300 AA con Furgón?,1,keyword,21,,True,Precios_Vehiculos_Actualizados.TITA S2.TITA S2 300 AA con Furgón,Precios_Vehiculos_Actualizados.TITA S2.TITA S2 300 AA con Furgón,Precio TITA S2 300 AA con Furgón,precios,27,1.0,1.0,0.7619,2.900 | 20.632.00 | usd,"precio: USD 20.632,00 descripcion: TITA S2 300 AA + accesorio furgón aclaración: El precio 20.632,00 se obtiene de sumar a 17.731,25 USD (precio de TITA S2 300 AA) el accesorio furgón que cuesta 2.900 USD"
tita_s2_furgon_precio,precios,¿Cuánto cuesta la TITA S2 300 AA con Furgón?,2,keyword,21,,True,Precios_Vehiculos_Actualizados.TITA S2.TITA S2 300 AA con Furgón,Precios_Vehiculos_Actualizados.TITA S2.TITA S2 300 AA con Furgón Refrigerado,Precio TITA S2 300 AA con Furgón Refrigerado,precios,21,1.0,0.3333,0.7619,usd,"precio: USD 23.632,00 aclaración: El precio 23.632,00 se obtiene de sumar a 17.731,25 USD (precio de TITA S2 300 AA) el accesorio furgón refrigerado que cuesta 5.900 USD"
tita_s2_furgon_precio,precios,¿Cuánto cuesta la TITA S2 300 AA con Furgón?,3,vector,,1,True,Precios_Vehiculos_Actualizados.TITA S2.TITA S2 300 AA con Furgón,Precios_Vehiculos_Actualizados.TITA S2,Precios TITA S2,precios,78,1.0,1.0,0.9048,2.900 | 20.632.00 | usd,"TITA S2-300: precio: USD 16.981,25 disponibilidad: ENTREGA INMEDIATA TITA S2-300 AA: precio: USD 17.731,25 disponibilidad: ENTREGA INMEDIATA TITA S2 300 AA con Furgón: precio: USD 20.632,00 descripcion: TITA S2 300 AA + accesorio furgón aclaración: El preci..."
tita_s2_dimensiones,vehiculos,¿Cuáles son las dimensiones de la TITA S2-300 y de su caja?,1,keyword,17,,True,vehiculos_detalles.TITA S2 300,vehiculos_detalles.TITA S2 300,Ficha tecnica TITA S2 300,vehiculos_detalles,221,1.0,1.0,1.0,2000x1310x350 | 3750x1370x1720,"nombre: TITA S2-300 (también conocida como TITA 300) descripcion: Furgoneta eléctrica diseñada para satisfacer las necesidades de diversos sectores, con la combinación perfecta de capacidad, seguridad y sostenibilidad. Única versión TITA pickup disponible a..."
tita_s2_dimensiones,vehiculos,¿Cuáles son las dimensiones de la TITA S2-300 y de su caja?,2,keyword,16,,True,vehiculos_detalles.TITA S2 300,vehiculos_detalles.TITA S2 300.versiones_disponibles.TITA S2-300 con Furgón,Version TITA S2-300 con Furgón,vehiculos_detalles,19,0.4,0.0,0.2308,,"autonomía: 300 Km aire acondicionado: Opcional accesorio: Furgón cerrado descripcion accesorio: Accesorio que convierte la pickup en furgón cerrado, caja térmicamente aislada."
tita_s2_dimensiones,vehiculos,¿Cuáles son las dimensiones de la TITA S2-300 y de su caja?,3,vector,,1,False,vehiculos_detalles.TITA S2 300,todos_los_vehiculos_disponibles.TITA S2,Disponibilidad TITA S2,disponibilidad_vehiculos,12,0.6,0.0,0.3077,,modelos disponibles: - TITA S2-300 - TITA S2-300 AA disponibilidad: ENTREGA INMEDIATA
tita_s2_dimensiones,vehiculos,¿Cuáles son las dimensiones de la TITA S2-300 y de su caja?,4,vector,,3,False,vehiculos_detalles.TITA S2 300,Precios_Vehiculos_Actualizados.TITO S2,Precios TITO S2,precios,21,0.4,0.0,0.2308,,"TITO S2-300: precio: USD 15.972,50 disponibilidad: Inmediata - Unidades limitadas TITO S2-300 AA: precio: USD 16.722,50 disponibilidad: Inmediata - Unidades limitadas"
tita_s2_dimensiones,vehiculos,¿Cuáles son las dimensiones de la TITA S2-300 y de su caja?,5,vector,,5,False,vehiculos_detalles.TITA S2 300,todos_los_vehiculos_disponibles.TITO S2,Disponibilidad TITO S2,disponibilidad_vehiculos,13,0.4,0.0,0.2308,,modelos disponibles: - TITO S2-300 - TITO S2-300 AA disponibilidad: Inmediata - Unidades limitadas
tita_s2_velocidad_potencia,vehiculos,¿Qué velocidad máxima y potencia nominal tiene la TITA S2-300?,1,keyword,19,,True,vehiculos_detalles.TITA S2 300,vehiculos_detalles.TITA S2 300,Ficha tecnica TITA S2 300,vehiculos_detalles,221,1.0,1.0,1.0,45 | kmh | kw,"nombre: TITA S2-300 (también conocida como TITA 300) descripcion: Furgoneta eléctrica diseñada para satisfacer las necesidades de diversos sectores, con la combinación perfecta de capacidad, seguridad y sostenibilidad. Única versión TITA pickup disponible a..."
tita_s2_velocidad_potencia,vehiculos,¿Qué velocidad máxima y potencia nominal tiene la TITA S2-300?,2,keyword,15,,True,vehiculos_detalles.TITA S2 300,vehiculos_detalles.TITA S2 300.versiones_disponibles.TITA S2-300,Version TITA S2-300,vehiculos_detalles,5,0.1429,0.0,0.05,,autonomía: 300 Km aire acondicionado: No
tita_s2_velocidad_potencia,vehiculos,¿Qué velocidad máxima y potencia nominal tiene la TITA S2-300?,3,vector,,1,False,vehiculos_detalles.TITA S2 300,todos_los_vehiculos_disponibles.TITA S2,Disponibilidad TITA S2,disponibilidad_vehiculos,12,0.4286,0.0,0.15,,modelos disponibles: - TITA S2-300 - TITA S2-300 AA disponibilidad: ENTREGA INMEDIATA
tita_s2_velocidad_potencia,vehiculos,¿Qué velocidad máxima y potencia nominal tiene la TITA S2-300?,4,vector,,3,False,vehiculos_detalles.TITA S2 300,Precios_Vehiculos_Actualizados.TITO S2,Precios TITO S2,precios,21,0.2857,0.0,0.1,,"TITO S2-300: precio: USD 15.972,50 disponibilidad: Inmediata - Unidades limitadas TITO S2-300 AA: precio: USD 16.722,50 disponibilidad: Inmediata - Unidades limitadas"
tita_s2_velocidad_potencia,vehiculos,¿Qué velocidad máxima y potencia nominal tiene la TITA S2-300?,5,vector,,5,False,vehiculos_detalles.TITA S2 300,todos_los_vehiculos_disponibles.TITO S2,Disponibilidad TITO S2,disponibilidad_vehiculos,13,0.2857,0.0,0.1,,modelos disponibles: - TITO S2-300 - TITO S2-300 AA disponibilidad: Inmediata - Unidades limitadas
tita_s2_accesorios,vehiculos,¿Qué accesorios están disponibles para la TITA S2-300?,1,keyword,17,,True,vehiculos_detalles.TITA S2 300.accesorios_disponibles,vehiculos_detalles.TITA S2 300,Ficha tecnica TITA S2 300,vehiculos_detalles,221,0.8333,1.0,0.7429,furgon | refrigerado,"nombre: TITA S2-300 (también conocida como TITA 300) descripcion: Furgoneta eléctrica diseñada para satisfacer las necesidades de diversos sectores, con la combinación perfecta de capacidad, seguridad y sostenibilidad. Única versión TITA pickup disponible a..."
tita_s2_accesorios,vehiculos,¿Qué accesorios están disponibles para la TITA S2-300?,2,keyword,15,,False,vehiculos_detalles.TITA S2 300.accesorios_disponibles,vehiculos_detalles.TITA S2 300.versiones_disponibles.TITA S2-300,Version TITA S2-300,vehiculos_detalles,5,0.1667,0.0,0.0286,,autonomía: 300 Km aire acondicionado: No
tita_s2_accesorios,vehiculos,¿Qué accesorios están disponibles para la TITA S2-300?,3,vector,,1,False,vehiculos_detalles.TITA S2 300.accesorios_disponibles,todos_los_vehiculos_disponibles.TITA S2,Disponibilidad TITA S2,disponibilidad_vehiculos,12,0.6667,0.0,0.1429,,modelos disponibles: - TITA S2-300 - TITA S2-300 AA disponibilidad: ENTREGA INMEDIATA
tita_s2_accesorios,vehiculos,¿Qué accesorios están disponibles para la TITA S2-300?,4,vector,,3,False,vehiculos_detalles.TITA S2 300.accesorios_disponibles,todos_los_vehiculos_disponibles.TITO S2,Disponibilidad TITO S2,disponibilidad_vehiculos,13,0.5,0.0,0.1143,,modelos disponibles: - TITO S2-300 - TITO S2-300 AA disponibilidad: Inmediata - Unidades limitadas
tita_s2_accesorios,vehiculos,¿Qué accesorios están disponibles para la TITA S2-300?,5,vector,,5,False,vehiculos_detalles.TITA S2 300.accesorios_disponibles,Precios_Vehiculos_Actualizados.TITA S2,Precios TITA S2,precios,78,0.5,1.0,0.4857,furgon | refrigerado,"TITA S2-300: precio: USD 16.981,25 disponibilidad: ENTREGA INMEDIATA TITA S2-300 AA: precio: USD 17.731,25 disponibilidad: ENTREGA INMEDIATA TITA S2 300 AA con Furgón: precio: USD 20.632,00 descripcion: TITA S2 300 AA + accesorio furgón aclaración: El preci..."
tita_s2_color,vehiculos,¿Qué color está disponible para la TITA S2-300?,1,keyword,17,,True,vehiculos_detalles.TITA S2 300.colores_disponibles,vehiculos_detalles.TITA S2 300,Ficha tecnica TITA S2 300,vehiculos_detalles,221,0.8,1.0,1.0,blanco,"nombre: TITA S2-300 (también conocida como TITA 300) descripcion: Furgoneta eléctrica diseñada para satisfacer las necesidades de diversos sectores, con la combinación perfecta de capacidad, seguridad y sostenibilidad. Única versión TITA pickup disponible a..."
tita_s2_color,vehiculos,¿Qué color está disponible para la TITA S2-300?,2,keyword,15,,False,vehiculos_detalles.TITA S2 300.colores_disponibles,vehiculos_detalles.TITA S2 300.versiones_disponibles.TITA S2-300,Version TITA S2-300,vehiculos_detalles,5,0.2,0.0,0.0,,autonomía: 300 Km aire acondicionado: No
tita_s2_color,vehiculos,¿Qué color está disponible para la TITA S2-300?,3,vector,,1,False,vehiculos_detalles.TITA S2 300.colores_disponibles,todos_los_vehiculos_disponibles.TITA S2,Disponibilidad TITA S2,disponibilidad_vehiculos,12,0.6,0.0,0.3333,,modelos disponibles: - TITA S2-300 - TITA S2-300 AA disponibilidad: ENTREGA INMEDIATA
tita_s2_color,vehiculos,¿Qué color está disponible para la TITA S2-300?,4,vector,,3,False,vehiculos_detalles.TITA S2 300.colores_disponibles,todos_los_vehiculos_disponibles.TITO S2,Disponibilidad TITO S2,disponibilidad_vehiculos,13,0.4,0.0,0.3333,,modelos disponibles: - TITO S2-300 - TITO S2-300 AA disponibilidad: Inmediata - Unidades limitadas
tita_s2_color,vehiculos,¿Qué color está disponible para la TITA S2-300?,5,vector,,5,False,vehiculos_detalles.TITA S2 300.colores_disponibles,Precios_Vehiculos_Actualizados.TITO S2,Precios TITO S2,precios,21,0.4,0.0,0.0,,"TITO S2-300: precio: USD 15.972,50 disponibilidad: Inmediata - Unidades limitadas TITO S2-300 AA: precio: USD 16.722,50 disponibilidad: Inmediata - Unidades limitadas"
tita_4p_precio,precios,¿Cuál es el precio de la TITA 4P-300?,1,keyword,20,,True,Precios_Vehiculos_Actualizados.TITA 4P Cuadrilla.TITA 4P-300,Precios_Vehiculos_Actualizados.TITA 4P Cuadrilla.TITA 4P-300,Precio TITA 4P-300,precios,6,0.25,1.0,0.4286,17.981.25 | usd,"precio: USD 17.981,25 disponibilidad: ENTREGA INMEDIATA"
tita_4p_precio,precios,¿Cuál es el precio de la TITA 4P-300?,2,keyword,20,,True,Precios_Vehiculos_Actualizados.TITA 4P Cuadrilla.TITA 4P-300,Precios_Vehiculos_Actualizados.TITA 4P Cuadrilla.TITA 4P-300 AA,Precio TITA 4P-300 AA,precios,6,0.25,0.5,0.4286,usd,"precio: USD 18.731,25 disponibilidad: ENTREGA INMEDIATA"
tita_4p_precio,precios,¿Cuál es el precio de la TITA 4P-300?,3,vector,,1,True,Precios_Vehiculos_Actualizados.TITA 4P Cuadrilla.TITA 4P-300,Precios_Vehiculos_Actualizados.TITA 4P Cuadrilla,Precios TITA 4P Cuadrilla,precios,19,1.0,1.0,1.0,17.981.25 | usd,"TITA 4P-300: precio: USD 17.981,25 disponibilidad: ENTREGA INMEDIATA TITA 4P-300 AA: precio: USD 18.731,25 disponibilidad: ENTREGA INMEDIATA"
tita_4p_precio,precios,¿Cuál es el precio de la TITA 4P-300?,4,vector,,3,False,Precios_Vehiculos_Actualizados.TITA 4P Cuadrilla.TITA 4P-300,todos_los_vehiculos_disponibles.TITA 4P Cuadrilla,Disponibilidad TITA 4P Cuadrilla,disponibilidad_vehiculos,12,0.75,0.0,0.4286,,modelos disponibles: - TITA 4P-300 - TITA 4P-300 AA disponibilidad: ENTREGA INMEDIATA
tita_4p_precio,precios,¿Cuál es el precio de la TITA 4P-300?,5,vector,,5,False,Precios_Vehiculos_Actualizados.TITA 4P Cuadrilla.TITA 4P-300,vehiculos_detalles.TITA 4P Cuadrilla,Ficha tecnica TITA 4P Cuadrilla,vehiculos_detalles,133,0.75,0.0,0.4286,,"nombre: TITA 4P-300 Cuadrilla descripcion: Diseñada pensando en las necesidades de las cuadrillas de trabajadores que prestan servicios en las ciudades, combina eficiencia, comodidad y contribución al medio ambiente. Ahora disponible únicamente en versión 3..."
tita_4p_aa_precio,precios,¿Cuál es el precio de la TITA 4P-300 AA?,1,keyword,20,,True,Precios_Vehiculos_Actualizados.TITA 4P Cuadrilla.TITA 4P-300 AA,Precios_Vehiculos_Actualizados.TITA 4P Cuadrilla.TITA 4P-300,Precio TITA 4P-300,precios,6,0.2,0.5,0.75,usd,"precio: USD 17.981,25 disponibilidad: ENTREGA INMEDIATA"
tita_4p_aa_precio,precios,¿Cuál es el precio de la TITA 4P-300 AA?,2,keyword,20,,True,Precios_Vehiculos_Actualizados.TITA 4P Cuadrilla.TITA 4P-300 AA,Precios_Vehiculos_Actualizados.TITA 4P Cuadrilla.TITA 4P-300 AA,Precio TITA 4P-300 AA,precios,6,0.2,1.0,0.75,18.731.25 | usd,"precio: USD 18.731,25 disponibilidad: ENTREGA INMEDIATA"
tita_4p_aa_precio,precios,¿Cuál es el precio de la TITA 4P-300 AA?,3,vector,,1,True,Precios_Vehiculos_Actualizados.TITA 4P Cuadrilla.TITA 4P-300 AA,Precios_Vehiculos_Actualizados.TITA 4P Cuadrilla,Precios TITA 4P Cuadrilla,precios,19,1.0,1.0,1.0,18.731.25 | usd,"TITA 4P-300: precio: USD 17.981,25 disponibilidad: ENTREGA INMEDIATA TITA 4P-300 AA: precio: USD 18.731,25 disponibilidad: ENTREGA INMEDIATA"
tita_4p_aa_precio,precios,¿Cuál es el precio de la TITA 4P-300 AA?,4,vector,,3,False,Precios_Vehiculos_Actualizados.TITA 4P Cuadrilla.TITA 4P-300 AA,todos_los_vehiculos_disponibles.TITA 4P Cuadrilla,Disponibilidad TITA 4P Cuadrilla,disponibilidad_vehiculos,12,0.8,0.0,0.0,,modelos disponibles: - TITA 4P-300 - TITA 4P-300 AA disponibilidad: ENTREGA INMEDIATA
tita_4p_aa_precio,precios,¿Cuál es el precio de la TITA 4P-300 AA?,5,vector,,5,False,Precios_Vehiculos_Actualizados.TITA 4P Cuadrilla.TITA 4P-300 AA,Precios_Vehiculos_Actualizados.TITO S5,Precios TITO S5,precios,21,0.6,0.5,0.5,usd,"TITO S5-300: precio: USD 16.981,25 disponibilidad: Inmediata - Unidades limitadas TITO S5-300 AA: precio: USD 17.731,25 disponibilidad: Inmediata - Unidades limitadas"
tita_4p_capacidades,vehiculos,"¿Qué capacidad de pasajeros, carga y caja tiene la TITA 4P Cuadrilla?",1,keyword,18,,True,vehiculos_detalles.TITA 4P Cuadrilla,vehiculos_detalles.TITA 4P Cuadrilla,Ficha tecnica TITA 4P Cuadrilla,vehiculos_detalles,133,0.8571,1.0,1.0,250kg | 350kg | personas,"nombre: TITA 4P-300 Cuadrilla descripcion: Diseñada pensando en las necesidades de las cuadrillas de trabajadores que prestan servicios en las ciudades, combina eficiencia, comodidad y contribución al medio ambiente. Ahora disponible únicamente en versión 3..."
tita_4p_capacidades,vehiculos,"¿Qué capacidad de pasajeros, carga y caja tiene la TITA 4P Cuadrilla?",2,keyword,15,,False,vehiculos_detalles.TITA 4P Cuadrilla,todos_los_vehiculos_disponibles.TITA 4P Cuadrilla,Disponibilidad TITA 4P Cuadrilla,disponibilidad_vehiculos,12,0.2857,0.0,0.0,,modelos disponibles: - TITA 4P-300 - TITA 4P-300 AA disponibilidad: ENTREGA INMEDIATA
tita_4p_capacidades,vehiculos,"¿Qué capacidad de pasajeros, carga y caja tiene la TITA 4P Cuadrilla?",3,vector,,5,False,vehiculos_detalles.TITA 4P Cuadrilla,Precios_Vehiculos_Actualizados.TITA 4P Cuadrilla,Precios TITA 4P Cuadrilla,precios,19,0.2857,0.0,0.0,,"TITA 4P-300: precio: USD 17.981,25 disponibilidad: ENTREGA INMEDIATA TITA 4P-300 AA: precio: USD 18.731,25 disponibilidad: ENTREGA INMEDIATA"
tita_4p_velocidad_potencia,vehiculos,¿Qué velocidad máxima y potencia nominal tiene la TITA 4P Cuadrilla?,1,keyword,19,,True,vehiculos_detalles.TITA 4P Cuadrilla,vehiculos_detalles.TITA 4P Cuadrilla,Ficha tecnica TITA 4P Cuadrilla,vehiculos_detalles,133,1.0,1.0,1.0,4kw | 50 | kmh,"nombre: TITA 4P-300 Cuadrilla descripcion: Diseñada pensando en las necesidades de las cuadrillas de trabajadores que prestan servicios en las ciudades, combina eficiencia, comodidad y contribución al medio ambiente. Ahora disponible únicamente en versión 3..."
tita_4p_velocidad_potencia,vehiculos,¿Qué velocidad máxima y potencia nominal tiene la TITA 4P Cuadrilla?,2,keyword,15,,False,vehiculos_detalles.TITA 4P Cuadrilla,todos_los_vehiculos_disponibles.TITA 4P Cuadrilla,Disponibilidad TITA 4P Cuadrilla,disponibilidad_vehiculos,12,0.2857,0.0,0.1579,,modelos disponibles: - TITA 4P-300 - TITA 4P-300 AA disponibilidad: ENTREGA INMEDIATA
tita_4p_velocidad_potencia,vehiculos,¿Qué velocidad máxima y potencia nominal tiene la TITA 4P Cuadrilla?,3,vector,,5,False,vehiculos_detalles.TITA 4P Cuadrilla,Precios_Vehiculos_Actualizados.TITA 4P Cuadrilla,Precios TITA 4P Cuadrilla,precios,19,0.2857,0.0,0.1579,,"TITA 4P-300: precio: USD 17.981,25 disponibilidad: ENTREGA INMEDIATA TITA 4P-300 AA: precio: USD 18.731,25 disponibilidad: ENTREGA INMEDIATA"
barre_tita_precio,precios,¿Cuál es el precio de la BARRE-TITA?,1,keyword,15,,True,Precios_Vehiculos_Actualizados.BARRE-TITA,Precios_Vehiculos_Actualizados.BARRE-TITA,Precios BARRE-TITA,precios,6,0.3333,1.0,0.15,29.990.00 | usd,"precio: USD 29.990,00 disponibilidad: ENTREGA INMEDIATA"
barre_tita_precio,precios,¿Cuál es el precio de la BARRE-TITA?,2,keyword,10,,False,Precios_Vehiculos_Actualizados.BARRE-TITA,todos_los_vehiculos_disponibles.BARRE-TITA,Disponibilidad BARRE-TITA,disponibilidad_vehiculos,7,0.6667,0.0,0.05,,modelos disponibles: - BARRE-TITA disponibilidad: ENTREGA INMEDIATA
barre_tita_precio,precios,¿Cuál es el precio de la BARRE-TITA?,3,vector,,3,False,Precios_Vehiculos_Actualizados.BARRE-TITA,condiciones_compra_entrega.aclaracion_entrega,condiciones compra entrega - aclaracion entrega,condiciones_compra_entrega,37,0.6667,0.0,0.15,,"Entrega de acuerdo a disponibilidad. El valor del dólar es el BNA tipo vendedor del día del efectivo pago. Los precios incluyen todos los impuestos, entre estos el IVA (TITO y CHIKI 21% - TITA, TITA Cuadrilla, TITA con Furgón, TITA con Furgón Refrigerado y..."
barre_tita_precio,precios,¿Cuál es el precio de la BARRE-TITA?,4,vector,,5,False,Precios_Vehiculos_Actualizados.BARRE-TITA,Precios_Vehiculos_Actualizados.TITA 4P Cuadrilla,Precios TITA 4P Cuadrilla,precios,19,0.6667,0.5,0.25,usd,"TITA 4P-300: precio: USD 17.981,25 disponibilidad: ENTREGA INMEDIATA TITA 4P-300 AA: precio: USD 18.731,25 disponibilidad: ENTREGA INMEDIATA"
barre_tita_dimensiones_peso,vehiculos,"¿Qué dimensiones, ancho de limpieza y peso neto tiene la BARRE-TITA?",1,keyword,15,,True,vehiculos_detalles.BARRE-TITA,vehiculos_detalles.BARRE-TITA,Ficha tecnica BARRE-TITA,vehiculos_detalles,75,0.7143,1.0,0.5263,1900 | 1950x1900x1900mm | 900 | kg | mm,"descripcion: Producto revolucionario que se destaca por su rendimiento excepcional en la limpieza de superficies, equipado con 8 motores eléctricos especializados. especificaciones: dimensiones: 1950x1900x1900mm peso neto: 900 KG ancho limpieza: 1900 mm cap..."
barre_tita_dimensiones_peso,vehiculos,"¿Qué dimensiones, ancho de limpieza y peso neto tiene la BARRE-TITA?",2,keyword,10,,False,vehiculos_detalles.BARRE-TITA,todos_los_vehiculos_disponibles.BARRE-TITA,Disponibilidad BARRE-TITA,disponibilidad_vehiculos,7,0.2857,0.0,0.0526,,modelos disponibles: - BARRE-TITA disponibilidad: ENTREGA INMEDIATA
barre_tita_dimensiones_peso,vehiculos,"¿Qué dimensiones, ancho de limpieza y peso neto tiene la BARRE-TITA?",3,vector,,5,False,vehiculos_detalles.BARRE-TITA,condiciones_compra_entrega.aclaracion_entrega,condiciones compra entrega - aclaracion entrega,condiciones_compra_entrega,37,0.2857,0.0,0.0526,,"Entrega de acuerdo a disponibilidad. El valor del dólar es el BNA tipo vendedor del día del efectivo pago. Los precios incluyen todos los impuestos, entre estos el IVA (TITO y CHIKI 21% - TITA, TITA Cuadrilla, TITA con Furgón, TITA con Furgón Refrigerado y..."
barre_tita_autonomia_bateria,vehiculos,¿Qué autonomía y batería tiene la BARRE-TITA?,1,keyword,12,,True,vehiculos_detalles.BARRE-TITA,vehiculos_detalles.BARRE-TITA,Ficha tecnica BARRE-TITA,vehiculos_detalles,75,0.5,1.0,0.3529,7.2 | horas | kwh | litio,"descripcion: Producto revolucionario que se destaca por su rendimiento excepcional en la limpieza de superficies, equipado con 8 motores eléctricos especializados. especificaciones: dimensiones: 1950x1900x1900mm peso neto: 900 KG ancho limpieza: 1900 mm cap..."
barre_tita_autonomia_bateria,vehiculos,¿Qué autonomía y batería tiene la BARRE-TITA?,2,keyword,10,,False,vehiculos_detalles.BARRE-TITA,todos_los_vehiculos_disponibles.BARRE-TITA,Disponibilidad BARRE-TITA,disponibilidad_vehiculos,7,0.5,0.0,0.0588,,modelos disponibles: - BARRE-TITA disponibilidad: ENTREGA INMEDIATA
barre_tita_autonomia_bateria,vehiculos,¿Qué autonomía y batería tiene la BARRE-TITA?,3,vector,,3,False,vehiculos_detalles.BARRE-TITA,todos_los_vehiculos_disponibles.NOTAS_IMPORTANTES,Disponibilidad NOTAS_IMPORTANTES,disponibilidad_vehiculos,47,0.5,0.0,0.2941,,modelos discontinuados: - TITO S2 100 (sin AA) - TITO S2 100 AA - TITO S5 100 (sin AA) - TITO S5 100 AA - TITA 4P 100 (sin AA) - TITA 4P 100 AA - CHIKI G politica actual: La empresa se centra únicamente en vehículos con autonomía de 300 km (excepto CHIKI-L...
barre_tita_autonomia_bateria,vehiculos,¿Qué autonomía y batería tiene la BARRE-TITA?,4,vector,,5,False,vehiculos_detalles.BARRE-TITA,vehiculos_detalles.TITO,Ficha tecnica TITO,vehiculos_detalles,322,0.5,0.5,0.7059,horas | litio,"modelos disponibles: - nombre: TITO S2-300 descripcion: Un hito en nuestra historia. Este vehículo 100% eléctrico se diseñó pensando en las necesidades de las ciudades argentinas. Con cuatro plazas y amplio espacio de carga, se convirtió en una alternativa..."
barre_tita_accesorios,vehiculos,¿Qué incluye el kit de accesorios de la BARRE-TITA?,1,keyword,12,,True,vehiculos_detalles.BARRE-TITA.kit_accesorios,vehiculos_detalles.BARRE-TITA,Ficha tecnica BARRE-TITA,vehiculos_detalles,75,0.4,1.0,0.2195,canon | hidrolavadora | lanza | rociador,"descripcion: Producto revolucionario que se destaca por su rendimiento excepcional en la limpieza de superficies, equipado con 8 motores eléctricos especializados. especificaciones: dimensiones: 1950x1900x1900mm peso neto: 900 KG ancho limpieza: 1900 mm cap..."
barre_tita_accesorios,vehiculos,¿Qué incluye el kit de accesorios de la BARRE-TITA?,2,keyword,10,,False,vehiculos_detalles.BARRE-TITA.kit_accesorios,todos_los_vehiculos_disponibles.BARRE-TITA,Disponibilidad BARRE-TITA,disponibilidad_vehiculos,7,0.4,0.0,0.0488,,modelos disponibles: - BARRE-TITA disponibilidad: ENTREGA INMEDIATA
barre_tita_accesorios,vehiculos,¿Qué incluye el kit de accesorios de la BARRE-TITA?,3,vector,,3,False,vehiculos_detalles.BARRE-TITA.kit_accesorios,condiciones_compra_entrega.aclaracion_entrega,condiciones compra entrega - aclaracion entrega,condiciones_compra_entrega,37,0.4,0.0,0.0732,,"Entrega de acuerdo a disponibilidad. El valor del dólar es el BNA tipo vendedor del día del efectivo pago. Los precios incluyen todos los impuestos, entre estos el IVA (TITO y CHIKI 21% - TITA, TITA Cuadrilla, TITA con Furgón, TITA con Furgón Refrigerado y..."
barre_tita_accesorios,vehiculos,¿Qué incluye el kit de accesorios de la BARRE-TITA?,4,vector,,5,False,vehiculos_detalles.BARRE-TITA.kit_accesorios,Precios_Vehiculos_Actualizados.TITA S2.TITA S2 300 AA con Furgón,Precio TITA S2 300 AA con Furgón,precios,27,0.2,0.0,0.3415,,"precio: USD 20.632,00 descripcion: TITA S2 300 AA + accesorio furgón aclaración: El precio 20.632,00 se obtiene de sumar a 17.731,25 USD (precio de TITA S2 300 AA) el accesorio furgón que cuesta 2.900 USD"
chiki_precio,precios,¿Cuál es el precio del CHIKI-L de litio?,1,keyword,15,,True,Precios_Vehiculos_Actualizados.CHIKI.CHIKI-L (110KM) LITIO,Precios_Vehiculos_Actualizados.CHIKI.CHIKI-L (110KM) LITIO,Precio CHIKI-L (110KM) LITIO,precios,7,0.3333,1.0,0.15,9.900.00 | usd,"precio: USD 9.900,00 disponibilidad: ENTREGA A 60 DÍAS"
chiki_precio,precios,¿Cuál es el precio del CHIKI-L de litio?,2,keyword,11,,True,Precios_Vehiculos_Actualizados.CHIKI.CHIKI-L (110KM) LITIO,Precios_Vehiculos_Actualizados.CHIKI,Precios CHIKI,precios,10,1.0,1.0,0.3,9.900.00 | usd,"CHIKI-L (110KM) LITIO: precio: USD 9.900,00 disponibilidad: ENTREGA A 60 DÍAS"
chiki_precio,precios,¿Cuál es el precio del CHIKI-L de litio?,3,vector,,3,False,Precios_Vehiculos_Actualizados.CHIKI.CHIKI-L (110KM) LITIO,todos_los_vehiculos_disponibles.CHIKI,Disponibilidad CHIKI,disponibilidad_vehiculos,9,0.6667,0.0,0.15,,modelos disponibles: - CHIKI-L (110KM) LITIO disponibilidad: ENTREGA A 60 DÍAS
chiki_precio,precios,¿Cuál es el precio del CHIKI-L de litio?,4,vector,,5,False,Precios_Vehiculos_Actualizados.CHIKI.CHIKI-L (110KM) LITIO,vehiculos_detalles.CHIKI,Ficha tecnica CHIKI,vehiculos_detalles,119,0.6667,0.0,0.2,,"modelo disponible: nombre: CHIKI-L (110KM) LITIO descripcion: Versión con batería de litio del CHIKI, ofreciendo mayor autonomía y ciclos de vida, ideal para desplazamientos urbanos. NOTA: CHIKI-G ha sido discontinuado. parametros basicos: puertas: 2 bateri..."
chiki_capacidad_puertas,vehiculos,¿Cuántas puertas y qué capacidad tiene el CHIKI-L?,1,keyword,7,,True,vehiculos_detalles.CHIKI,vehiculos_detalles.CHIKI,Ficha tecnica CHIKI,vehiculos_detalles,119,0.75,1.0,1.0,persona,"modelo disponible: nombre: CHIKI-L (110KM) LITIO descripcion: Versión con batería de litio del CHIKI, ofreciendo mayor autonomía y ciclos de vida, ideal para desplazamientos urbanos. NOTA: CHIKI-G ha sido discontinuado. parametros basicos: puertas: 2 bateri..."
chiki_capacidad_puertas,vehiculos,¿Cuántas puertas y qué capacidad tiene el CHIKI-L?,2,keyword,5,,False,vehiculos_detalles.CHIKI,todos_los_vehiculos_disponibles.CHIKI,Disponibilidad CHIKI,disponibilidad_vehiculos,9,0.25,0.0,0.1765,,modelos disponibles: - CHIKI-L (110KM) LITIO disponibilidad: ENTREGA A 60 DÍAS
chiki_capacidad_puertas,vehiculos,¿Cuántas puertas y qué capacidad tiene el CHIKI-L?,3,vector,,5,False,vehiculos_detalles.CHIKI,Precios_Vehiculos_Actualizados.CHIKI,Precios CHIKI,precios,10,0.25,0.0,0.1765,,"CHIKI-L (110KM) LITIO: precio: USD 9.900,00 disponibilidad: ENTREGA A 60 DÍAS"
chiki_bateria_ciclos,vehiculos,¿Qué batería y ciclos tiene el CHIKI-L?,1,keyword,7,,True,vehiculos_detalles.CHIKI,vehiculos_detalles.CHIKI,Ficha tecnica CHIKI,vehiculos_detalles,119,1.0,1.0,0.92,2000 | 4.5 | ciclos | kwh | litio | ncm,"modelo disponible: nombre: CHIKI-L (110KM) LITIO descripcion: Versión con batería de litio del CHIKI, ofreciendo mayor autonomía y ciclos de vida, ideal para desplazamientos urbanos. NOTA: CHIKI-G ha sido discontinuado. parametros basicos: puertas: 2 bateri..."
chiki_bateria_ciclos,vehiculos,¿Qué batería y ciclos tiene el CHIKI-L?,2,keyword,5,,False,vehiculos_detalles.CHIKI,preguntas_frecuentes.vehiculos[1],FAQ vehiculos - ¿Cuánto tiempo toma cargar completamente la batería?,preguntas_frecuentes,23,0.3333,0.0,0.04,,"Pregunta: ¿Cuánto tiempo toma cargar completamente la batería? Respuesta: Normalmente entre 7-8 horas para una carga completa en un enchufe convencional. Con la nueva tecnología de carga rápida, este tiempo se reduce significativamente a aproximadamente 2 h..."
chiki_bateria_ciclos,vehiculos,¿Qué batería y ciclos tiene el CHIKI-L?,3,vector,,3,False,vehiculos_detalles.CHIKI,todos_los_vehiculos_disponibles.CHIKI,Disponibilidad CHIKI,disponibilidad_vehiculos,9,0.3333,0.1667,0.12,litio,modelos disponibles: - CHIKI-L (110KM) LITIO disponibilidad: ENTREGA A 60 DÍAS
chiki_bateria_ciclos,vehiculos,¿Qué batería y ciclos tiene el CHIKI-L?,4,vector,,5,False,vehiculos_detalles.CHIKI,vehiculos_detalles.ACLARACION_IMPORTANTE,Ficha tecnica ACLARACION_IMPORTANTE,vehiculos_detalles,40,0.3333,0.0,0.2,,"nota discrepancia web: IMPORTANTE: La información de este chatbot está más actualizada que la página web. Si encontrás diferencias entre lo que te digo y lo que ves en la web, la información correcta es la que te proporciono aquí. La página web se está actu..."
chiki_tiempo_carga,vehiculos,¿Cuánto tarda en cargar el CHIKI-L y desde qué enchufe carga?,1,keyword,12,,False,vehiculos_detalles.CHIKI,preguntas_frecuentes.carga[0],FAQ carga - ¿Necesito una instalación especial para cargar mi vehículo?,preguntas_frecuentes,25,0.5,0.5,0.1111,220v,"Pregunta: ¿Necesito una instalación especial para cargar mi vehículo? Respuesta: No, nuestros vehículos pueden cargarse desde un enchufe doméstico convencional de 220V. Para los modelos de mayor autonomía (300 km), se recomienda un tomacorriente de 20A."
chiki_tiempo_carga,vehiculos,¿Cuánto tarda en cargar el CHIKI-L y desde qué enchufe carga?,2,keyword,11,,False,vehiculos_detalles.CHIKI,preguntas_frecuentes.vehiculos[1],FAQ vehiculos - ¿Cuánto tiempo toma cargar completamente la batería?,preguntas_frecuentes,23,0.5,0.0,0.1667,,"Pregunta: ¿Cuánto tiempo toma cargar completamente la batería? Respuesta: Normalmente entre 7-8 horas para una carga completa en un enchufe convencional. Con la nueva tecnología de carga rápida, este tiempo se reduce significativamente a aproximadamente 2 h..."
chiki_tiempo_carga,vehiculos,¿Cuánto tarda en cargar el CHIKI-L y desde qué enchufe carga?,3,vector,,1,False,vehiculos_detalles.CHIKI,todos_los_vehiculos_disponibles.CHIKI,Disponibilidad CHIKI,disponibilidad_vehiculos,9,0.1667,0.0,0.1667,,modelos disponibles: - CHIKI-L (110KM) LITIO disponibilidad: ENTREGA A 60 DÍAS
chiki_tiempo_carga,vehiculos,¿Cuánto tarda en cargar el CHIKI-L y desde qué enchufe carga?,4,vector,,3,False,vehiculos_detalles.CHIKI,Precios_Vehiculos_Actualizados.CHIKI,Precios CHIKI,precios,10,0.1667,0.0,0.1667,,"CHIKI-L (110KM) LITIO: precio: USD 9.900,00 disponibilidad: ENTREGA A 60 DÍAS"
chiki_tiempo_carga,vehiculos,¿Cuánto tarda en cargar el CHIKI-L y desde qué enchufe carga?,5,vector,,5,True,vehiculos_detalles.CHIKI,vehiculos_detalles.CHIKI,Ficha tecnica CHIKI,vehiculos_detalles,119,0.5,1.0,1.0,220v | 7hs,"modelo disponible: nombre: CHIKI-L (110KM) LITIO descripcion: Versión con batería de litio del CHIKI, ofreciendo mayor autonomía y ciclos de vida, ideal para desplazamientos urbanos. NOTA: CHIKI-G ha sido discontinuado. parametros basicos: puertas: 2 bateri..."
reserva_anticipo,compra,¿Cuál es la reserva inicial y el anticipo para confirmar la compra?,1,keyword,17,,True,condiciones_compra_entrega.reserva_pago_inicial,condiciones_compra_entrega.reserva_pago_inicial,condiciones compra entrega - reserva pago inicial,condiciones_compra_entrega,44,0.8,1.0,0.5185,20 | 200 | 30 | dias | usd,reserva: USD 200 para reservar la unidad plazo confirmacion: 30 días para confirmar la compra con el 20% de anticipo forma pago: Pagos en pesos a cambio oficial del cierre anterior al día del efectivo pago pagos adicionales: Se pueden realizar pagos adicion...
reserva_anticipo,compra,¿Cuál es la reserva inicial y el anticipo para confirmar la compra?,2,keyword,6,,False,condiciones_compra_entrega.reserva_pago_inicial,condiciones_compra_entrega.entrega_inmediata,condiciones compra entrega - entrega inmediata,condiciones_compra_entrega,23,0.2,0.4,0.7037,200 | usd,"proceso: Una vez realizada la reserva de USD 200, se asigna una unidad por 72 horas plazo pago: Dentro de las 72 horas se debe saldar la unidad, caso contrario la unidad será liberada"
reserva_anticipo,compra,¿Cuál es la reserva inicial y el anticipo para confirmar la compra?,3,vector,,5,False,condiciones_compra_entrega.reserva_pago_inicial,preguntas_frecuentes.adquisicion[1],FAQ adquisicion - ¿Qué es eso de la entrega inmediata?,preguntas_frecuentes,19,0.0,0.0,0.0,,"Pregunta: ¿Qué es eso de la entrega inmediata? Respuesta: Esta modalidad básicamente consiste en que el cliente puede comprar un vehículo y llevarlo al instante, sin necesidad de esperar la fabricación del mismo."
entrega_inmediata_plazo,compra,¿Cuánto tiempo queda asignada la unidad en entrega inmediata?,1,keyword,11,,True,condiciones_compra_entrega.entrega_inmediata,condiciones_compra_entrega.entrega_inmediata,condiciones compra entrega - entrega inmediata,condiciones_compra_entrega,23,0.1667,1.0,0.5135,72 | horas | saldar,"proceso: Una vez realizada la reserva de USD 200, se asigna una unidad por 72 horas plazo pago: Dentro de las 72 horas se debe saldar la unidad, caso contrario la unidad será liberada"
entrega_inmediata_plazo,compra,¿Cuánto tiempo queda asignada la unidad en entrega inmediata?,2,keyword,10,,False,condiciones_compra_entrega.entrega_inmediata,preguntas_frecuentes.adquisicion[1],FAQ adquisicion - ¿Qué es eso de la entrega inmediata?,preguntas_frecuentes,19,0.3333,0.0,0.4865,,"Pregunta: ¿Qué es eso de la entrega inmediata? Respuesta: Esta modalidad básicamente consiste en que el cliente puede comprar un vehículo y llevarlo al instante, sin necesidad de esperar la fabricación del mismo."
entrega_inmediata_plazo,compra,¿Cuánto tiempo queda asignada la unidad en entrega inmediata?,3,vector,,3,False,condiciones_compra_entrega.entrega_inmediata,condiciones_compra_entrega.plazos_entrega,condiciones compra entrega - plazos entrega,condiciones_compra_entrega,26,0.3333,0.0,0.0811,,plazo standard: 30 días posteriores a completar los trámites de patentamiento condicion: La unidad se entrega completamente saldada costos adicionales: Los costos de patentamiento y flete NO están incluidos en el precio final y deben abonarse cuando la unid...
costos_no_incluidos,compra,¿Qué costos no están incluidos en el precio final?,1,keyword,5,,False,condiciones_compra_entrega.plazos_entrega | condiciones_compra_entrega.aclaracion_entrega,preguntas_frecuentes.ambiental[1],FAQ ambiental - ¿Qué sucede con las baterías al final de su vida útil?,preguntas_frecuentes,20,0.2,0.0,0.027,,"Pregunta: ¿Qué sucede con las baterías al final de su vida útil? Respuesta: Contamos con un programa de reciclaje responsable de baterías, alineado con nuestro compromiso ambiental respaldado por la certificación ISO 14001."
costos_no_incluidos,compra,¿Qué costos no están incluidos en el precio final?,2,keyword,5,,False,condiciones_compra_entrega.plazos_entrega | condiciones_compra_entrega.aclaracion_entrega,Precios_Vehiculos_Actualizados.TITO S2,Precios TITO S2,precios,21,0.2,0.0,0.1351,,"TITO S2-300: precio: USD 15.972,50 disponibilidad: Inmediata - Unidades limitadas TITO S2-300 AA: precio: USD 16.722,50 disponibilidad: Inmediata - Unidades limitadas"
costos_no_incluidos,compra,¿Qué costos no están incluidos en el precio final?,3,vector,,1,False,condiciones_compra_entrega.plazos_entrega | condiciones_compra_entrega.aclaracion_entrega,condiciones_compra_entrega.servicio_entrega,condiciones compra entrega - servicio entrega,condiciones_compra_entrega,11,0.4,0.25,0.0811,flete,disponible: Servicio de entrega a domicilio disponible costo: Costo de flete no incluido en precio final
costos_no_incluidos,compra,¿Qué costos no están incluidos en el precio final?,4,vector,,3,True,condiciones_compra_entrega.plazos_entrega | condiciones_compra_entrega.aclaracion_entrega,condiciones_compra_entrega.plazos_entrega,condiciones compra entrega - plazos entrega,condiciones_compra_entrega,26,1.0,1.0,0.5135,estan | flete | incluidos | patentamiento,plazo standard: 30 días posteriores a completar los trámites de patentamiento condicion: La unidad se entrega completamente saldada costos adicionales: Los costos de patentamiento y flete NO están incluidos en el precio final y deben abonarse cuando la unid...
costos_no_incluidos,compra,¿Qué costos no están incluidos en el precio final?,5,vector,,5,True,condiciones_compra_entrega.plazos_entrega | condiciones_compra_entrega.aclaracion_entrega,condiciones_compra_entrega.aclaracion_entrega,condiciones compra entrega - aclaracion entrega,condiciones_compra_entrega,37,0.0,0.25,0.1081,patentamiento,"Entrega de acuerdo a disponibilidad. El valor del dólar es el BNA tipo vendedor del día del efectivo pago. Los precios incluyen todos los impuestos, entre estos el IVA (TITO y CHIKI 21% - TITA, TITA Cuadrilla, TITA con Furgón, TITA con Furgón Refrigerado y..."
tipo_cambio_bna,compra,¿Qué tipo de cambio se usa para los pagos en pesos?,1,keyword,3,,False,condiciones_compra_entrega.aclaracion_entrega,condiciones_compra_entrega.reserva_pago_inicial,condiciones compra entrega - reserva pago inicial,condiciones_compra_entrega,44,0.6,0.4,0.2439,efectivo | pago,reserva: USD 200 para reservar la unidad plazo confirmacion: 30 días para confirmar la compra con el 20% de anticipo forma pago: Pagos en pesos a cambio oficial del cierre anterior al día del efectivo pago pagos adicionales: Se pueden realizar pagos adicion...
tipo_cambio_bna,compra,¿Qué tipo de cambio se usa para los pagos en pesos?,2,keyword,1,,False,condiciones_compra_entrega.aclaracion_entrega,preguntas_frecuentes.vehiculos[0],FAQ vehiculos - ¿Cuál es la autonomía de los vehículos eléctricos de Coradir?,preguntas_frecuentes,22,0.2,0.2,0.0244,tipo,"Pregunta: ¿Cuál es la autonomía de los vehículos eléctricos de Coradir? Respuesta: Dependiendo del modelo, ofrecemos versiones con autonomía de 70 km hasta 300 km. La autonomía varía según el modelo y tipo de batería."
tipo_cambio_bna,compra,¿Qué tipo de cambio se usa para los pagos en pesos?,3,vector,,1,True,condiciones_compra_entrega.aclaracion_entrega,condiciones_compra_entrega.aclaracion_entrega,condiciones compra entrega - aclaracion entrega,condiciones_compra_entrega,37,0.2,1.0,0.7317,bna | efectivo | pago | tipo | vendedor,"Entrega de acuerdo a disponibilidad. El valor del dólar es el BNA tipo vendedor del día del efectivo pago. Los precios incluyen todos los impuestos, entre estos el IVA (TITO y CHIKI 21% - TITA, TITA Cuadrilla, TITA con Furgón, TITA con Furgón Refrigerado y..."
tipo_cambio_bna,compra,¿Qué tipo de cambio se usa para los pagos en pesos?,4,vector,,5,False,condiciones_compra_entrega.aclaracion_entrega,condiciones_compra_entrega.entrega_inmediata,condiciones compra entrega - entrega inmediata,condiciones_compra_entrega,23,0.0,0.2,0.0244,pago,"proceso: Una vez realizada la reserva de USD 200, se asigna una unidad por 72 horas plazo pago: Dentro de las 72 horas se debe saldar la unidad, caso contrario la unidad será liberada"
cargas_parciales,carga,¿Puedo hacer cargas parciales o tengo que esperar a que se agote la batería?,1,keyword,18,,True,preguntas_frecuentes.carga[1],preguntas_frecuentes.carga[1],FAQ carga - ¿Puedo realizar cargas parciales?,preguntas_frecuentes,18,0.75,1.0,0.3409,cargas | necesario | parciales,"Pregunta: ¿Puedo realizar cargas parciales? Respuesta: Sí, todos nuestros vehículos admiten cargas parciales. No es necesario esperar a que la batería se agote completamente para recargarla."
cargas_parciales,carga,¿Puedo hacer cargas parciales o tengo que esperar a que se agote la batería?,2,keyword,5,,False,preguntas_frecuentes.carga[1],preguntas_frecuentes.vehiculos[1],FAQ vehiculos - ¿Cuánto tiempo toma cargar completamente la batería?,preguntas_frecuentes,23,0.125,0.0,0.1364,,"Pregunta: ¿Cuánto tiempo toma cargar completamente la batería? Respuesta: Normalmente entre 7-8 horas para una carga completa en un enchufe convencional. Con la nueva tecnología de carga rápida, este tiempo se reduce significativamente a aproximadamente 2 h..."
cargas_parciales,carga,¿Puedo hacer cargas parciales o tengo que esperar a que se agote la batería?,3,vector,,5,False,preguntas_frecuentes.carga[1],movilidad_electrica.caracteristicas_vehiculos,movilidad electrica - caracteristicas vehiculos,movilidad_electrica,28,0.25,0.6667,0.1136,cargas | parciales,"- 100% Eléctrico: Carga desde un enchufe convencional, sin aparatos adicionales - Admite cargas parciales: Carga completa en 8hs, permite cargas parciales - Cero emisiones: Medidas ambientales y energéticas para reducir CO2 y gases de efecto invernadero"
ecocarga_negocios,carga,¿Qué ventajas tiene instalar puntos de carga para un negocio?,1,keyword,8,,True,infraestructura_carga.ecocarga.puntos_carga,infraestructura_carga.ecocarga,infraestructura carga - ecocarga,infraestructura_carga,111,0.8,1.0,1.0,adicionales | atrae | clientes | gratuita | ingresos | instalacion | nuevos,descripcion: CORADIR se complace en anunciar dos importantes avances que transformarán la experiencia de movilidad eléctrica en Argentina: expansión de infraestructura de carga y tecnología de carga rápida. carga rapida: beneficios: - Reducción de tiempo: D...
ecocarga_negocios,carga,¿Qué ventajas tiene instalar puntos de carga para un negocio?,2,keyword,5,,False,infraestructura_carga.ecocarga.puntos_carga,preguntas_frecuentes.vehiculos[1],FAQ vehiculos - ¿Cuánto tiempo toma cargar completamente la batería?,preguntas_frecuentes,23,0.2,0.0,0.0781,,"Pregunta: ¿Cuánto tiempo toma cargar completamente la batería? Respuesta: Normalmente entre 7-8 horas para una carga completa en un enchufe convencional. Con la nueva tecnología de carga rápida, este tiempo se reduce significativamente a aproximadamente 2 h..."
ecocarga_negocios,carga,¿Qué ventajas tiene instalar puntos de carga para un negocio?,3,vector,,3,False,infraestructura_carga.ecocarga.puntos_carga,preguntas_frecuentes.carga[2],FAQ carga - ¿Qué es la tecnología de carga rápida?,preguntas_frecuentes,23,0.2,0.0,0.0781,,"Pregunta: ¿Qué es la tecnología de carga rápida? Respuesta: Es una avanzada solución que reduce el tiempo de carga de 6-8 horas a aproximadamente 2 horas, brindando mayor comodidad y flexibilidad sin comprometer el rendimiento ni la autonomía del vehículo."
ecocarga_negocios,carga,¿Qué ventajas tiene instalar puntos de carga para un negocio?,4,vector,,5,False,infraestructura_carga.ecocarga.puntos_carga,preguntas_frecuentes.carga[0],FAQ carga - ¿Necesito una instalación especial para cargar mi vehículo?,preguntas_frecuentes,25,0.0,0.1429,0.0312,instalacion,"Pregunta: ¿Necesito una instalación especial para cargar mi vehículo? Respuesta: No, nuestros vehículos pueden cargarse desde un enchufe doméstico convencional de 220V. Para los modelos de mayor autonomía (300 km), se recomienda un tomacorriente de 20A."
agencia_buenos_aires_moreno,agencias,"¿Qué agencia figura en Moreno, Buenos Aires?",1,keyword,16,,True,distribucion.agencias_oficiales_por_provincia.Buenos Aires,distribucion.agencias_oficiales_por_provincia.Buenos Aires,Agencias en Buenos Aires,agencias,351,0.6,1.0,1.0,12.802 | acceso | chiamo | motors | oeste | sur,- nombre: CHIAMO MOTORS SRL / Barbalace ciudad: MORENO direccion: Av. Colectora Acceso Oeste Sur 12.802 (km 42.5) - nombre: Compañia Arrate (Necochea) ciudad: NECOCHEA direccion: Av. 59 N° 3734 - nombre: Maquinarias Pyramiz SRL ciudad: TORTUGUITAS direccion...
agencia_buenos_aires_moreno,agencias,"¿Qué agencia figura en Moreno, Buenos Aires?",2,keyword,7,,False,distribucion.agencias_oficiales_por_provincia.Buenos Aires,distribucion.agencias_oficiales_por_provincia.Santa Fe,Agencias en Santa Fe,agencias,133,0.4,0.1667,0.3529,acceso,- nombre: Maquinarias Pyramiz SRL ciudad: ROSARIO direccion: Ruta 9 (autopista Buenos Aires-rosario) Km 280.5 (2126) - nombre: DE ROSSI MOTOS SRL ciudad: FRONTERA direccion: Calle 1 N°2105 - Localidad Frontera - Provincia Santa Fe - Cp2438 - nombre: Dellasa...
agencia_buenos_aires_moreno,agencias,"¿Qué agencia figura en Moreno, Buenos Aires?",3,vector,,3,False,distribucion.agencias_oficiales_por_provincia.Buenos Aires,distribucion.agencias_oficiales_por_provincia.Chubut,Agencias en Chubut,agencias,49,0.2,0.0,0.1765,,"- nombre: GRUPO MALL DON BOSCO ciudad: TRELEW direccion: Irigoyen 1108 - nombre: Franco Finiguerra (GRUPO MALL DON BOSCO) ciudad: ESQUEL direccion: 9 De Julio Y Perito Moreno - nombre: Franco Finiguerra (GRUPO MALL DON BOSCO,) ciudad: COMODORO RIVADAVIA dir..."
agencia_buenos_aires_moreno,agencias,"¿Qué agencia figura en Moreno, Buenos Aires?",4,vector,,5,False,distribucion.agencias_oficiales_por_provincia.Buenos Aires,distribucion.agencias_oficiales_por_provincia.La Pampa,Agencias en La Pampa,agencias,44,0.0,0.0,0.1765,,"- nombre: Diego Tripi ciudad: GENERAL PICO direccion: Calle 9 Esquina 4, General Pico, La Pampa - nombre: Osvaldo Eduardo Zudaire ciudad: MIGUEL RIGLOS direccion: Malvinas Argentinas N° 390 - nombre: RAZA SRL ciudad: SANTA ROSA direccion: Av. Pedro Luro 110..."
agencia_rosario_volts,agencias,¿Hay una agencia VOLTS en Rosario y cuál es su dirección?,1,keyword,8,,True,distribucion.agencias_oficiales_por_provincia.Santa Fe,distribucion.agencias_oficiales_por_provincia.Santa Fe,Agencias en Santa Fe,agencias,133,0.6,1.0,1.0,895 | lagos | ovidio | volts,- nombre: Maquinarias Pyramiz SRL ciudad: ROSARIO direccion: Ruta 9 (autopista Buenos Aires-rosario) Km 280.5 (2126) - nombre: DE ROSSI MOTOS SRL ciudad: FRONTERA direccion: Calle 1 N°2105 - Localidad Frontera - Provincia Santa Fe - Cp2438 - nombre: Dellasa...
agencia_rosario_volts,agencias,¿Hay una agencia VOLTS en Rosario y cuál es su dirección?,2,keyword,6,,False,distribucion.agencias_oficiales_por_provincia.Santa Fe,distribucion.agencias_oficiales_por_provincia.Buenos Aires,Agencias en Buenos Aires,agencias,351,0.2,0.0,0.375,,- nombre: CHIAMO MOTORS SRL / Barbalace ciudad: MORENO direccion: Av. Colectora Acceso Oeste Sur 12.802 (km 42.5) - nombre: Compañia Arrate (Necochea) ciudad: NECOCHEA direccion: Av. 59 N° 3734 - nombre: Maquinarias Pyramiz SRL ciudad: TORTUGUITAS direccion...
agencia_rosario_volts,agencias,¿Hay una agencia VOLTS en Rosario y cuál es su dirección?,3,vector,,3,False,distribucion.agencias_oficiales_por_provincia.Santa Fe,contactos.telefono_movilidad_ventas,contactos - telefono movilidad ventas,contactos,8,0.0,0.0,0.0,,(0266) 4305996 (Se usa para llamar al área de ventas de movilidad eléctrica)
agencia_rosario_volts,agencias,¿Hay una agencia VOLTS en Rosario y cuál es su dirección?,4,vector,,5,False,distribucion.agencias_oficiales_por_provincia.Santa Fe,site_navigation.special_actions_quiero_ser_agencia,site navigation - special actions quiero ser agencia,site_navigation,17,0.2,0.0,0.0,,- name: #QUIEROSERAGENCIA description: Información y formulario para quienes desean convertirse en agencia oficial de CORADIR Movilidad Eléctrica url: https://movilidad.coradir.com.ar/agencias/
agencia_cordoba_signature,agencias,¿Qué dirección tiene SIGNATURE S.A. en Córdoba?,1,keyword,7,,True,distribucion.agencias_oficiales_por_provincia.Cordoba,distribucion.agencias_oficiales_por_provincia.Cordoba,Agencias en Cordoba,agencias,62,1.0,1.0,1.0,4875 | av | colon | signature,"- nombre: DEVENIR GROUP S.A.S ciudad: MARCOS JUAREZ direccion: 9 De Julio 262-centro- Marcos Juarez - nombre: Franchi Automotores ciudad: JESUS MARIA direccion: Pedro J. Frías 35, Jesús María, Córdoba - nombre: Publicos, vivienda y credito TIO PUJIO LTDA ci..."
agencia_cordoba_signature,agencias,¿Qué dirección tiene SIGNATURE S.A. en Córdoba?,2,keyword,5,,False,distribucion.agencias_oficiales_por_provincia.Cordoba,contactos.direccion,contactos - direccion,contactos,8,0.0,0.0,0.0,,Ruta 3 km 0.6 (Sur) – San Luis Capital (CP5700)
agencia_cordoba_signature,agencias,¿Qué dirección tiene SIGNATURE S.A. en Córdoba?,3,vector,,3,False,distribucion.agencias_oficiales_por_provincia.Cordoba,distribucion.agencias_oficiales_por_provincia.Entre Rios,Agencias en Entre Rios,agencias,21,0.25,0.5,0.1463,av | colon,"- nombre: ALMAFUERTE ciudad: PARANA direccion: Av. Almafuerte 960, Parana, Entre Rios - nombre: SOCRA S.R.L ciudad: COLON direccion: Presidente Peron Y Combatientes De Malvinas"
agencia_cordoba_signature,agencias,¿Qué dirección tiene SIGNATURE S.A. en Córdoba?,4,vector,,5,False,distribucion.agencias_oficiales_por_provincia.Cordoba,distribucion.agencias_oficiales_por_provincia.Buenos Aires,Agencias en Buenos Aires,agencias,351,0.5,0.5,0.2195,av | colon,- nombre: CHIAMO MOTORS SRL / Barbalace ciudad: MORENO direccion: Av. Colectora Acceso Oeste Sur 12.802 (km 42.5) - nombre: Compañia Arrate (Necochea) ciudad: NECOCHEA direccion: Av. 59 N° 3734 - nombre: Maquinarias Pyramiz SRL ciudad: TORTUGUITAS direccion...
agencia_mendoza_valentino,agencias,"¿Qué agencia figura en Godoy Cruz, Mendoza?",1,keyword,12,,True,distribucion.agencias_oficiales_por_provincia.Mendoza,distribucion.agencias_oficiales_por_provincia.Mendoza,Agencias en Mendoza,agencias,12,0.4,1.0,0.3529,1055 | martin | motos | san | sur | valentino,- nombre: Valentino Motos S.A.S ciudad: GODOY CRUZ direccion: San Martin Sur 1055
agencia_mendoza_valentino,agencias,"¿Qué agencia figura en Godoy Cruz, Mendoza?",2,keyword,10,,False,distribucion.agencias_oficiales_por_provincia.Mendoza,distribucion.agencias_oficiales_por_provincia.Santa Cruz,Agencias en Santa Cruz,agencias,14,0.2,0.0,0.3529,,"- nombre: MATIAS JAVIER LEONETTI ciudad: RIO GALLEGOS direccion: Pellegrini 54, Río Gallegos, Santa Cruz"
agencia_mendoza_valentino,agencias,"¿Qué agencia figura en Godoy Cruz, Mendoza?",3,vector,,3,False,distribucion.agencias_oficiales_por_provincia.Mendoza,distribucion.agencias_oficiales_por_provincia.Cordoba,Agencias en Cordoba,agencias,62,0.0,0.0,0.1765,,"- nombre: DEVENIR GROUP S.A.S ciudad: MARCOS JUAREZ direccion: 9 De Julio 262-centro- Marcos Juarez - nombre: Franchi Automotores ciudad: JESUS MARIA direccion: Pedro J. Frías 35, Jesús María, Córdoba - nombre: Publicos, vivienda y credito TIO PUJIO LTDA ci..."
agencia_mendoza_valentino,agencias,"¿Qué agencia figura en Godoy Cruz, Mendoza?",4,vector,,5,False,distribucion.agencias_oficiales_por_provincia.Mendoza,distribucion.agencias_oficiales_por_provincia.La Pampa,Agencias en La Pampa,agencias,44,0.0,0.0,0.1471,,"- nombre: Diego Tripi ciudad: GENERAL PICO direccion: Calle 9 Esquina 4, General Pico, La Pampa - nombre: Osvaldo Eduardo Zudaire ciudad: MIGUEL RIGLOS direccion: Malvinas Argentinas N° 390 - nombre: RAZA SRL ciudad: SANTA ROSA direccion: Av. Pedro Luro 110..."
agencia_neuquen_sur_car,agencias,¿Qué agencia figura en Neuquén?,1,keyword,10,,True,distribucion.agencias_oficiales_por_provincia.Neuquen,distribucion.agencias_oficiales_por_provincia.Neuquen,Agencias en Neuquen,agencias,9,0.3333,1.0,0.2727,1197 | car | perticone | sur,- nombre: Sur Car S.A. ciudad: NEUQUEN direccion: Perticone 1197
agencia_neuquen_sur_car,agencias,¿Qué agencia figura en Neuquén?,2,keyword,5,,False,distribucion.agencias_oficiales_por_provincia.Neuquen,distribucion.agencias_oficiales_por_provincia.Buenos Aires,Agencias en Buenos Aires,agencias,351,0.0,0.5,0.9091,car | sur,- nombre: CHIAMO MOTORS SRL / Barbalace ciudad: MORENO direccion: Av. Colectora Acceso Oeste Sur 12.802 (km 42.5) - nombre: Compañia Arrate (Necochea) ciudad: NECOCHEA direccion: Av. 59 N° 3734 - nombre: Maquinarias Pyramiz SRL ciudad: TORTUGUITAS direccion...
agencia_neuquen_sur_car,agencias,¿Qué agencia figura en Neuquén?,3,vector,,3,False,distribucion.agencias_oficiales_por_provincia.Neuquen,site_navigation.special_actions_quiero_ser_agencia,site navigation - special actions quiero ser agencia,site_navigation,17,0.3333,0.0,0.0,,- name: #QUIEROSERAGENCIA description: Información y formulario para quienes desean convertirse en agencia oficial de CORADIR Movilidad Eléctrica url: https://movilidad.coradir.com.ar/agencias/
agencia_neuquen_sur_car,agencias,¿Qué agencia figura en Neuquén?,4,vector,,5,False,distribucion.agencias_oficiales_por_provincia.Neuquen,distribucion.agencias_oficiales_por_provincia.La Pampa,Agencias en La Pampa,agencias,44,0.0,0.0,0.1818,,"- nombre: Diego Tripi ciudad: GENERAL PICO direccion: Calle 9 Esquina 4, General Pico, La Pampa - nombre: Osvaldo Eduardo Zudaire ciudad: MIGUEL RIGLOS direccion: Malvinas Argentinas N° 390 - nombre: RAZA SRL ciudad: SANTA ROSA direccion: Av. Pedro Luro 110..."
